客户简称,消耗排名,清洗后商品名,日均消耗合计(元),合并原始条数,合并的原始DPA名称
阿芙精油,1,极光玫瑰双萃丸30粒 玫瑰精华油次抛精华液美白淡斑淡纹,3819.22,2,【阿芙AFU】极光玫瑰双萃丸30粒 玫瑰精华油次抛精华液美白淡斑淡纹YM || 【阿芙AFU】极光玫瑰双萃丸10粒*2 玫瑰精华油次抛精华液美白淡斑淡纹YM
阿芙精油,2,阿芙木乃伊VA双萃丸30粒 抗皱紧致精油面部精华次抛,796.63,1,【买正装送超正装量】阿芙木乃伊VA双萃丸30粒 抗皱紧致精油面部精华次抛k1
瑷亦,1,IORE持妆粉底液蹭不掉不易脱妆遮瑕细腻美容修饰推荐自然,334.41,1,IORE持妆粉底液蹭不掉不易脱妆遮瑕细腻美容修饰推荐自然
安美,1,新款肉桂奶茶口红不掉色不沾杯滋润保湿防水持久素颜显白不挑肤色,1544.04,3,新款肉桂奶茶口红不掉色不沾杯滋润保湿防水持久素颜显白不挑肤色 || 新款肉桂奶茶口红不掉色不沾杯滋润保湿素颜显白防水不挑年龄 || 新款肉桂奶茶口红不易掉色不易沾杯滋润保湿素颜显白防水不挑年龄
安美,2,2026新款肉桂奶茶口红不沾杯不掉色保湿滋润素颜显白适合不化妆的你,1513.99,1,2026新款肉桂奶茶口红不沾杯不掉色保湿滋润素颜显白适合不化妆的你
安美,3,新款口红不掉色不沾杯复古姨妈色素颜显白大气温柔雾面孕妇可用,645.36,1,新款口红不掉色不沾杯复古姨妈色素颜显白大气温柔雾面孕妇可用
安美,4,不沾杯不掉色口红雾面显白复古姨妈色大气温柔防水持久黄黑皮素颜孕妇可用,613.91,1,不沾杯不掉色口红雾面显白复古姨妈色大气温柔防水持久黄黑皮素颜孕妇可用
安美,5,新款口红防水不沾杯不掉色复古姨妈大气不挑肤色素颜显白保湿滋润,472.44,1,新款口红防水不沾杯不掉色复古姨妈大气不挑肤色素颜显白保湿滋润
安美,6,爆款口红不掉色不沾杯肉桂奶茶色定制口红不沾杯持久防水不脱色,370.24,1,爆款口红不掉色不沾杯肉桂奶茶色定制口红不沾杯持久防水不脱色
澳雪,1,雪完美美白祛斑面膜 美白祛斑特证无暇净白焕亮补水新年,503.34,1,雪完美美白祛斑面膜 美白祛斑特证无暇净白焕亮补水新年送女友
澳雪,2,雪完美美白祛斑精华液面霜淡化斑色斑圣诞,278.27,1,[2.0重磅升级]雪完美美白祛斑精华液面霜淡化斑色斑圣诞送女友XDTG1
百雀羚,1,百雀羚胶原水光超导乳抗皱补水紧致喷雾水光透皮吸收,15859.97,2,[95周年]百雀羚胶原水光超导乳抗皱补水紧致喷雾水光透皮吸收自播 || 【震撼新品】百雀羚胶原水光超导乳抗皱紧致淡纹补水喷雾水光嫩肤透皮吸收
百雀羚,2,百雀羚帧颜绿宝石淡纹霜精华水乳套装抗皱紧致保湿霜,7024.12,3,[95周年·总裁特批]百雀羚帧颜绿宝石淡纹霜精华水乳套装抗皱紧致保湿霜 || [95周年]百雀羚帧颜绿宝石淡纹霜精华水乳套装抗皱紧致保湿霜 || [七夕限定]百雀羚帧颜绿宝石淡纹霜精华水乳套装抗皱紧致保湿霜
百雀羚,3,百雀羚超A瓶礼盒水乳套装面霜精华保湿抗皱紧致护肤套盒,5536.9,1,[95周年经典]百雀羚超A瓶礼盒水乳套装面霜精华保湿抗皱紧致护肤套盒
百雀羚,4,百雀羚香蜜粉散粉定妆持久控油防水防汗不脱妆精华精油重力粉,4504.21,3,【火热金秋】百雀羚香蜜粉散粉定妆持久控油防水防汗不脱妆精华精油重力粉 || 【七夕礼遇季】百雀羚香蜜粉散粉定妆持久控油防水防汗不脱妆精华精油重力粉 || 百雀羚香蜜粉散粉定妆持久控油防水防汗不脱妆精华精油重力粉
百雀羚,5,百雀羚御光美白防晒气垫 粉霜粉底液遮瑕持久持妆控油不脱妆夏季,4269.94,3,【火热金秋】百雀羚御光美白防晒气垫 粉霜粉底液遮瑕持久持妆控油不脱妆夏季 || 【七夕礼遇季】百雀羚御光美白防晒气垫 粉霜粉底液遮瑕持久持妆控油不脱妆夏季 || 百雀羚御光美白防晒气垫 粉霜粉底液遮瑕持久持妆控油不脱妆夏季
百雀羚,6,百雀羚胶原水光超导乳喷雾·抗皱紧致淡纹·补水嫩肤·透皮吸收 水光发光肌 到手两瓶,3676.84,4,【买一送一】百雀羚胶原水光超导乳喷雾·抗皱紧致淡纹·补水嫩肤·透皮吸收 水光发光肌  到手两瓶 || 【买一送一国货之光】百雀羚胶原水光超导乳喷雾·抗皱紧致淡纹·补水嫩肤·透皮吸收 水光发光肌  到手两瓶 || 【买一送一国货之光】百雀羚胶原水光超导乳喷雾·抗皱紧致淡纹·补水嫩肤·透皮吸收 水光发光肌 七夕抢先购 到手两瓶 || 【买一送一国货之光】百雀羚胶原水光超导乳喷雾·抗皱紧致淡纹·补水嫩肤·透皮吸收 水光发光肌 七夕限定 到手两瓶
百雀羚,7,百雀羚至臻环肽超A套装 抗皱紧致·修护提亮·深层补水 水乳精华面霜 95周年限定,2099.08,4,【抗皱紧致】百雀羚至臻环肽超A套装 抗皱紧致·修护提亮·深层补水  水乳精华面霜 95周年限定 || 【买一送一 七夕限定】百雀羚至臻环肽超A套装 抗皱紧致·修护提亮·深层补水  水乳精华面霜 95周年限定 || 【买一送一 限时抢】百雀羚超A瓶套装 抗皱紧致·修护提亮·深层补水 95周年限定 七夕 || 【买一送一 限时抢】百雀羚至臻环肽超A套装  抗皱紧致·修护提亮·深层补水  95周年限定 七夕礼赠
百雀羚,8,百雀羚多肽聚胶光感面膜胶原,1941.25,2,[95周年]百雀羚多肽聚胶光感面膜胶原自播 || [七夕限定]百雀羚多肽聚胶光感面膜胶原自播
百雀羚,9,百雀羚超A次抛10维精华液抗皱紧致淡纹保湿敏感肌适用,1626.31,2,[95周年·总裁特批]百雀羚超A次抛10维精华液抗皱紧致淡纹保湿敏感肌适用 || [七夕限定]百雀羚超A次抛10维精华液抗皱紧致淡纹保湿敏感肌适用
百雀羚,10,百雀羚精华唇膜胶原蛋白补水保湿修护舒缓抗皱淡唇纹温和不刺激,1043.64,2,【七夕礼遇季】百雀羚精华唇膜胶原蛋白补水保湿修护舒缓抗皱淡唇纹温和不刺激 || 【夏日限定】百雀羚精华唇膜胶原蛋白补水保湿修护舒缓抗皱淡唇纹温和不刺激
柏瑞美,1,PRAMY柏瑞美定妆喷雾保湿不卡粉控油舒缓修护防水防汗敏感肌可用不含酒精,7334.58,1,【拍一发三】PRAMY柏瑞美定妆喷雾保湿不卡粉控油舒缓修护防水防汗敏感肌可用不含酒精
柏瑞美,2,PRAMY/柏瑞美后台保湿定妆喷雾控油持妆保湿防水防汗方便携带,1290.73,1,PRAMY/柏瑞美后台保湿定妆喷雾控油持妆保湿防水防汗方便携带
必扬,1,必扬左旋vc美白淡斑精华片提亮肤色改善暗沉提亮水解冻干片,49451.92,5,[夜用]必扬左旋vc美白淡斑精华片提亮肤色改善暗沉提亮水解冻干片 || [夜用]必扬左旋vc美白淡斑精华片亮白改善暗沉溶解冻干片官方正品 || [夜用]必扬左旋vc固态精华片提亮肤色改善暗沉提亮水解冻干片院线款 || [夜用]BEYOANE必扬左旋vc美白淡斑精华片提亮肤色改善暗沉提亮淡印改善暗沉水解冻干片官方正品 || [谢谢你来了专属]必扬夜用左旋vc固态精华片提亮肤色改善暗沉提亮淡印改善暗沉水解冻干片官方正品
必扬,2,BEYOANE必扬氨甲环酸烟酰胺国妆美白淡斑精华面部精华液提亮肤色改善暗沉,32531.27,5,【日用】BEYOANE必扬氨甲环酸烟酰胺国妆美白淡斑精华面部精华液提亮肤色改善暗沉 || 日用必扬氨甲环酸烟酰胺国妆美白淡斑精华面部精华液提亮肤色次抛精华液 || 【日用】BEYOANE必扬氨甲环酸烟酰胺国妆美白淡斑精华面部精华液改善暗沉 || [日用]BEYOANE必扬氨甲环酸烟酰胺国妆美白淡斑精华亮白保湿精粹淡印改善暗沉次抛精华官方正品 || 日用必扬氨甲环酸烟酰胺国妆美白淡斑精华面部精华液提亮肤色改善暗沉国妆次抛
必扬,3,必扬玫瑰亮肤发酵面膜提亮肤色舒缓保湿补水滋润紧致面膜,15370.9,6,[BEYOANE]必扬玫瑰亮肤发酵面膜提亮肤色舒缓保湿补水滋润紧致面膜官方正品 || [七夕节大促]必扬玫瑰亮肤发酵面膜提亮肤色舒缓保湿补水滋润紧致玫瑰面膜 || 【BEYOANE】必扬玫瑰亮肤发酵面膜提亮肤色舒缓保湿补水滋润紧致玫瑰面膜 || BEYOANE必扬玫瑰亮肤发酵面膜提亮肤色舒缓保湿补水滋润紧致 || [BEYOANE必扬]玫瑰亮肤发酵面膜提亮肤色舒缓保湿补水滋润紧致玫瑰面膜 || 【BEYOANE】必扬玫瑰亮肤发酵面膜提亮肤色舒缓保湿补水滋润紧致
必扬,4,仙人掌修护发酵面膜舒缓屏障适用紧致抗皱面膜贴,5148.75,3,【必扬BEYOANE】仙人掌修护发酵面膜舒缓屏障适用紧致抗皱面膜贴 || 【必扬BEYOANE】仙人掌修护发酵面膜舒缓屏障适用敏感肌紧致抗皱修护面膜 || 【BEYOANE】必扬仙人掌修护发酵面膜舒缓屏障适用敏感肌紧致抗皱弹润官方正品
必扬,5,{BEYOANE必扬]玫瑰亮肤发酵面膜紧致舒缓提亮肤色保湿滋润生物发酵玫瑰面膜弹润松垮垂,2926.24,3,{BEYOANE必扬]玫瑰亮肤发酵面膜紧致舒缓提亮肤色保湿滋润生物发酵玫瑰面膜弹润松垮垂 || {BEYOANE必扬]玫瑰亮肤发酵面膜紧致舒缓提亮肤色保湿滋润玫瑰面膜弹润松垮垂 || [必扬]BEYOANE玫瑰亮肤发酵面膜保湿滋润提亮肤色生物发酵玫瑰面膜
必扬,6,BEYOANE必扬仙人掌发酵面膜修护舒缓屏障适用红敏肌紧致抗皱生物发酵面膜,2923.03,4,BEYOANE必扬仙人掌发酵面膜修护舒缓屏障适用红敏肌紧致抗皱生物发酵面膜 || [618囤货购]BEYOANE必扬仙人掌修护发酵面膜舒缓屏障适用敏感肌紧致抗皱 || [七夕节大促]BEYOANE必扬仙人掌修护发酵面膜舒缓屏障适用敏感肌紧致抗皱 || [Lily彤专属]BEYOANE必扬仙人掌修护发酵面膜舒缓屏障适用敏感肌紧致抗皱弹润
必扬,7,日用必扬氨甲环酸烟酰胺国妆美白淡斑精华保湿提亮次抛精华液,2122.12,2,[BEYOANE]日用必扬氨甲环酸烟酰胺国妆美白淡斑精华保湿提亮次抛精华液 || [日用]必扬氨甲环酸烟酰胺国妆美白淡斑精华亮白保湿精粹淡印国妆次抛精华
必扬,8,BEYOANE必扬左旋vc美白淡斑精华片舒缓淡印净白提亮肤色改善暗黄,2030.34,1,[夜用]BEYOANE必扬左旋vc美白淡斑精华片舒缓淡印净白提亮肤色改善暗黄
必扬,9,必扬VC美白淡斑精华片左旋vc精华淡印淡黑改善暗黄水解冻干片,1362.06,1,[七夕节大促]必扬VC美白淡斑精华片左旋vc精华淡印淡黑改善暗黄水解冻干片
必扬,10,早胺晚酸套装日用烟酰胺美白淡斑精华液左旋,408.54,1,[七夕节大促]早胺晚酸套装日用烟酰胺美白淡斑精华液左旋vc
不老谜语,1,瑞缇妍贴骨懒充膜4片/盒，干皮每周2-3片，油皮每周1片，抗皱淡纹紧致补水保湿修护肤乳霜面膜,37361.65,9,【618抢先购】瑞缇妍贴骨懒充膜4片/盒，干皮每周2-3片，油皮每周1片，抗皱淡纹紧致补水保湿修护肤乳霜面膜 || 【熬夜垮脸】瑞缇妍贴骨懒充膜4片/盒，干皮每周2-3片，油皮每周1片，抗皱淡纹紧致补水保湿修护肤乳霜面膜 || 【达人专属】瑞缇妍贴骨懒充膜4片/盒，干皮每周2-3片，油皮每周1片，抗皱淡纹紧致补水保湿修护肤乳霜面膜 || 【面部提拉】瑞缇妍贴骨懒充膜4片/盒，干皮每周2-3片，油皮每周1片，抗皱淡纹紧致补水保湿修护肤乳霜面膜 || 【面部提拉紧致】瑞缇妍贴骨懒充膜4片/盒，干皮每周2-3片，油皮每周1片，抗皱淡纹紧致补水保湿修护肤乳霜面膜 || 【七夕礼物】瑞缇妍贴骨懒充膜4片/盒，干皮每周2-3片，油皮每周1片，抗皱淡纹紧致补水保湿修护肤乳霜面膜 || 【送闪修精华】瑞缇妍贴骨懒充膜4片/盒，干皮每周2-3片，油皮每周1片，抗皱淡纹紧致补水保湿修护肤乳霜面膜 || 【送细胞油】瑞缇妍贴骨懒充膜4片/盒，干皮每周2-3片，油皮每周1片，抗皱淡纹紧致补水保湿修护肤乳霜面膜 || 【熬夜垮脸】瑞缇妍贴骨懒充膜4片/盒，干皮每周2-3片，油皮每周1片，抗皱淡纹紧致补水保湿修护肤乳霜面膜女
不老谜语,2,不老谜语瑞缇妍超级精华液 两瓶以上更有效抗皱淡纹紧致保湿美容护肤主打淡化纹路提亮肤色,11210.74,4,【NAD+精粹】不老谜语瑞缇妍超级精华液  两瓶以上更有效抗皱淡纹紧致保湿美容护肤主打淡化纹路提亮肤色. || 【NAD+精粹】不老谜语瑞缇妍超级精华液 两瓶以上更有效抗皱淡纹紧致保湿美容护肤主打淡化纹路提亮肤色 || 【除皱淡纹】不老谜语瑞缇妍超级精华液抗皱淡纹紧致保湿美容护肤主打淡化纹路提亮肤色100ml || 【七夕礼物】不老谜语瑞缇妍超级精华液抗皱淡纹紧致保湿美容护肤主打淡化纹路提亮肤色
不老谜语,3,瑞缇妍新品海绵微扎面膜抗皱紧致修护舒缓褪红保湿,4390.5,7,【七夕礼物】瑞缇妍新品海绵微扎面膜抗皱紧致修护舒缓褪红保湿 || 【收孔嫩肤】瑞缇妍新品海绵微扎面膜抗皱紧致修护舒缓褪红保湿 || 【收孔美肤】瑞缇妍新品扎扎面膜抗皱紧致修护舒缓褪红保湿 || 【收孔嫩肤】瑞缇妍新品扎扎面膜抗皱紧致修护舒缓褪红保湿 || 【单盒装】瑞缇妍新品海绵微针扎扎面膜抗皱紧致修护舒缓褪红保湿 || 【七夕礼物】瑞缇妍新品海绵微扎面膜抗皱紧致修护舒缓褪红保湿收缩毛孔扎扎膜4片/盒 || 【七夕礼物】瑞缇妍新品海绵微扎面膜抗皱紧致修护舒缓褪红保湿收缩毛孔扎扎膜4片/盒（2盒装）
不老谜语,4,瑞缇妍十盒贴骨懒充膜抗皱淡纹紧致舒缓修护乳霜面膜,1573.91,1,【生日场开炸】瑞缇妍十盒贴骨懒充膜抗皱淡纹紧致舒缓修护乳霜面膜
草本海洋,1,草本海洋固体香膏女士专用持久留香清新淡雅随身涂抹式固体膏,976.01,2,草本海洋固体香膏女士专用持久留香清新淡雅随身涂抹式固体膏 || 草本海洋固体香膏女士专用持久留香清新淡雅随身涂抹式固体香膏伪体香
草本海洋,2,草本海洋固体香水男士专用持久留香清新固体香膏精巧便携,501.62,1,草本海洋固体香水男士专用持久留香清新固体香膏精巧便携
雏菊的天空,1,雏菊的天空琥珀时光眼油淡纹紧致抗皱眼部精华油官方,25762.51,3,【伊能静推荐】雏菊的天空琥珀时光眼油淡纹紧致抗皱眼部精华油官方 || 【伊能静推荐】雏菊的天空琥珀时光眼油眼部精华油淡纹紧致抗皱当归精油8ml官方 || 【七夕礼盒】雏菊的天空琥珀时光眼油伊能静推荐淡纹紧致抗皱眼部精华油官方
雏菊的天空,2,雏菊的天空伊能静推荐琥珀时光眼油眼部精华油淡纹紧致抗皱当归精油双支装官方,4436.52,1,【七夕礼盒】雏菊的天空伊能静推荐琥珀时光眼油眼部精华油淡纹紧致抗皱当归精油双支装官方
雏菊的天空,3,雏菊的天空琥珀时光眼部精华油淡纹抗皱0.5ml商城,277.32,1,[伊能静同款眼油]雏菊的天空琥珀时光眼部精华油淡纹抗皱0.5ml商城
传奇今生,1,传奇今生唇膏2支正装正品*3.8g 不沾杯不掉色 健康变色口红润唇膏唇膜三合一,1879.45,2,【抗皱唇膏，买一送一】传奇今生唇膏2支正装正品*3.8g 不沾杯不掉色 健康变色口红润唇膏唇膜三合一 || 【抗皱养唇，买一赠一】传奇今生唇膏2支正装正品*3.8g 不沾杯不掉色 健康变色口红润唇膏唇膜三合一
传奇今生,2,传奇今生官方正品经典款唇膏小黑管2支 不沾杯不掉色滋润保湿防干裂淡化唇纹素颜神器自然提气色,356.72,1,【抗皱唇膏，买一赠一】传奇今生官方正品经典款唇膏小黑管2支 不沾杯不掉色滋润保湿防干裂淡化唇纹素颜神器自然提气色
创尔美,1,胶原多效修护面膜,930.27,1,胶原多效修护面膜
纯朴,1,DPDP气垫粉底服帖水光柔焦保湿控油干皮油皮,36455.58,6,【长效遮瑕】DPDP气垫粉底服帖水光柔焦保湿控油干皮油皮 || DPDP【陈靖可同款】轻透遮瑕气垫粉底服帖水光柔焦保湿控油干皮油皮 || 轻透遮瑕气垫粉底服帖水光柔焦保湿控油干皮油皮 || DPDP【明星同款】轻透遮瑕气垫粉底服帖水光柔焦保湿控油干皮 || DPDP[明星推荐]气垫粉底长效持妆服帖水光柔焦保湿控油干皮油皮 || 【明星推荐轻透遮瑕】气垫粉底服帖水光柔焦保湿控油干皮油皮
纯朴,2,DPDP控油持妆调皮贴贴霜10s妈生伪素颜遮瑕保湿不卡粉,24797.03,3,【夏日宠粉福利】DPDP控油持妆调皮贴贴霜10s妈生伪素颜遮瑕保湿不卡粉 || 【夏日限时福利】DPDP控油持妆调皮贴贴霜10s妈生伪素颜遮瑕保湿不卡粉（直购） || DPDP【视频同款】控油持妆调皮贴贴霜10s妈生伪素颜遮瑕保湿不卡粉
纯朴,3,DPDP心机醇色气垫唇霜持久防水防汗雾面哑光显白口红,8786.2,8,【何泓姗同款】DPDP心机醇色气垫唇霜持久防水防汗雾面哑光显白口红 || DPDP【陈靖可同款】心机醇色气垫唇霜持久防水防汗雾面哑光显白口红 || DPDP心机醇色气垫唇霜持久防水防汗雾面哑光显白口红 || 【颖儿同款】DPDP心机醇色气垫唇霜持久不沾杯不掉色防水雾面哑光显白口红 || DPDP心机醇色气垫唇霜持久防水防汗雾面哑光口红 || DPDP醇色气垫唇霜持久防水防汗显白雾面哑光口红 || [颖儿、赵荀推荐]DPDP醇色气垫唇霜持久防水防汗雾面口红 || DPDP[明星推荐]醇色气垫唇霜持久显白雾面哑光口红
纯朴,4,DPDP 空气持妆粉底液轻薄遮瑕控油水润混干油皮,6536.84,3,【长效持妆+拍一发五】DPDP空气持妆粉底液轻薄遮瑕控油水润混干油皮正品 || DPDP【慕容云朵同款】空气持妆粉底液轻薄遮瑕控油水润混干油皮正品 || DPDP【痞幼推荐】空气持妆粉底液轻薄遮瑕水润持久混干油皮
纯朴,5,DPDP 三色遮瑕膏遮黑眼圈遮斑遮痘印服帖脸部泪沟提亮,6272.59,3,DPDP【陈靖可同款】三色遮瑕膏遮黑眼圈遮斑遮痘印服帖脸部泪沟提亮 || 【达人专属】DPDP三色遮瑕膏遮黑眼圈遮斑遮痘印油皮干皮服帖保湿脸部泪沟提亮 || DPDP三色遮瑕膏遮黑眼圈遮斑遮痘印油皮干皮服帖保湿脸部泪沟提亮
纯朴,6,eLL面部美白素颜霜隔离霜提亮防晒素颜霜,2396.03,10,【防晒款丨拍1发5】eLL面部美白素颜霜隔离霜提亮防晒素颜霜2 || 【防晒款丨拍1发5】eLL面部美白素颜霜隔离霜提亮防晒素颜霜b || 【防晒款丨拍1发5】eLL面部美白素颜霜隔离霜提亮防晒素颜霜c || 【防晒款丨限时拍1发5】eLL面部美白素颜霜隔离霜提亮防晒素颜霜 || 【达人专属】[痞幼颖儿推荐-拍1发5]eLL面部美白素颜霜隔离提亮防晒妆前乳 || 【卢汉专享】[明星同款-拍1发5]eLL面部美白素颜霜隔离提亮防晒妆前乳 || 【痞幼推荐丨拍1发5】eLL面部美白素颜霜隔离提亮防晒妆前乳c || 【颖儿推荐-拍1发5】eLL面部美白素颜霜隔离提亮防晒妆前乳c || 【痞幼颖儿推荐丨拍1发5】eLL面部美白素颜霜隔离霜提亮防晒养肤b || 【痞幼颖儿推荐丨限时拍1发5】eLL面部美白素颜霜隔离霜提亮防晒养肤
纯朴,7,eLL清洁泥膜去黑头闭口粉刺痘痘壬二酸男女通用,1572.34,1,【赵荀专属】eLL清洁泥膜去黑头闭口粉刺痘痘壬二酸男女通用
纯朴,8,eLL壬二酸清洁泥膜清洁黑头闭口控油细腻毛孔男女通用,1419.89,1,【赵荀推荐】eLL壬二酸清洁泥膜清洁黑头闭口控油细腻毛孔男女通用
纯朴,9,eLL面部素颜霜修颜隔离霜提亮养肤妆前乳小店,1222.63,10,【赵荀推荐-拍1发5】eLL面部素颜霜修颜隔离霜提亮养肤妆前乳小店 || [明星推荐-拍1发5]eLL面部素颜霜修颜隔离霜提亮养肤妆前乳 || 【达人专属】【痞幼颖儿推荐拍1发5】eLL面部素颜霜修颜隔离霜提亮养肤妆前乳 || 【杜女专属】【拍1发5】eLL面部素颜霜修颜隔离霜提亮养肤妆前乳 || 【卢汉专享】【明星同款拍1发5】eLL面部素颜霜修颜隔离霜提亮养肤妆前乳 || 【痞幼推荐-拍1发5】eLL面部素颜霜修颜隔离霜提亮养肤妆前乳2 || 【颖有尽有】【赵荀推荐-拍1发5】eLL面部素颜霜修颜隔离霜提亮养肤妆前乳 || 【赵荀推荐-拍1发5】eLL面部素颜霜修颜隔离霜提亮养肤妆前乳2 || 【赵荀推荐-拍1发5】eLL面部素颜霜修颜隔离霜提亮养肤妆前乳b || 【赵荀推荐-限时拍1发5】eLL面部素颜霜修颜隔离霜提亮养肤妆前乳
纯朴,10,eLL湿敷焕肤水细毛孔去黑头控油祛痘无酸温和修护保湿,614.17,2,【明星同款】eLL湿敷焕肤水细毛孔去黑头控油祛痘无酸温和修护保湿 || 【明星同款】eLL湿敷焕肤水细毛孔去黑头控油祛痘无酸温和修护保湿1
纯朴2024,1,DPDP控油持妆调皮贴贴霜10s妈生伪素颜遮瑕保湿不卡粉,361.27,1,【夏日宠粉福利】DPDP控油持妆调皮贴贴霜10s妈生伪素颜遮瑕保湿不卡粉
达尔肤,1,达尔肤杏仁酸抛光水爽肤水提亮去闭口保湿补水湿敷水喷雾套装,9449.53,2,【特惠福利】达尔肤杏仁酸抛光水爽肤水提亮去闭口保湿补水湿敷水喷雾套装 || 【特惠福利】达尔肤杏仁酸抛光水爽肤水提亮去闭口抛光磨皮保湿补清爽湿敷水美白淡斑精华套组
黛莱皙,1,黛莱皙胶原御龄紧致精华水 Z924,1703.91,2,【爆款拍一发三】黛莱皙胶原御龄紧致精华水 Z924 || 【拍一发三】黛莱皙贵妇胶原御龄紧致精华乳Z925
黛莱皙,2,黛莱皙补水保湿淡纹精华水抗皱紧致水官方店,1471.56,1,[到手3瓶]黛莱皙补水保湿淡纹精华水抗皱紧致水官方店2
黛莱皙,3,黛莱皙猫七七胶原紧致精华水保湿抗皱胶原水夏季不油腻清爽护肤,1077.61,1,[主-到手3瓶]黛莱皙猫七七胶原紧致精华水保湿抗皱胶原水夏季不油腻清爽护肤
黛莱皙,4,黛莱皙猫七七贵妇胶原紧致精华乳保湿抗皱乳液,833.81,1,[到手3瓶 紧致胶原乳]黛莱皙猫七七贵妇胶原紧致精华乳保湿抗皱乳液3
黛莱皙,5,黛莱皙国际研发蜂皇浆胶原抗皱紧致精华水淡细纹紧致保湿,828.08,1,[到手4瓶 抗皱补水 ]黛莱皙国际研发蜂皇浆胶原抗皱紧致精华水淡细纹紧致保湿3
黛莱皙,6,黛莱皙猫七七阿姨三萃抗皱眼部精华油滚珠紧致淡纹送礼物送爸妈男女通用,827.35,1,[主-到手3支]黛莱皙猫七七阿姨三萃抗皱眼部精华油滚珠紧致淡纹送礼物送爸妈男女通用官方正品
黛莱皙,7,黛莱皙瑞士研发蜂皇浆水抗皱精华水紧致护肤修复保湿,590.22,2,[到手4瓶]黛莱皙瑞士研发蜂皇浆水抗皱精华水紧致护肤修复保湿4 || [主-到手4件 紧致抗皱 ]黛莱皙瑞士研发蜂皇浆胶原抗皱精华水
黛莱皙,8,黛莱皙酵母金珍珠精华气垫霜防水防汗持久遮瑕水润轻薄不脱妆卡粉,487.46,1,[一正一替-主] 黛莱皙酵母金珍珠精华气垫霜防水防汗持久遮瑕水润轻薄不脱妆卡粉
黛莱皙,9,黛莱皙瑞士研发木兰氨基酸型洁面慕斯清洁洗面奶,447.33,1,[主-到手3瓶] 黛莱皙瑞士研发木兰氨基酸型洁面慕斯清洁洗面奶
黛莱皙,10,黛莱皙国际研发贵妇胶原紧致精华乳- 双向护肤 精华乳,357.7,1,[主-到手3件 油润保湿-紧致淡纹] 黛莱皙国际研发贵妇胶原紧致精华乳- 双向护肤  精华乳
黛芮日化用品(上海)股份有限公司,1,diary言之有物美白精华抗皱黑白霜999套组,3039.96,2,[999到手5正装]diary言之有物美白精华抗皱黑白霜999套组 || [自播专享]diary言之有物美白精华抗皱黑白霜999套组
黛芮日化用品(上海)股份有限公司,2,diary言之有物50%玻色因溶液黑白霜套装 淡纹抗皱紧致修护,1293.78,2,[自播专享]diary言之有物50%玻色因溶液黑白霜套装 淡纹抗皱紧致修护 || [直播专享] diary言之有物50%玻色因溶液黑白霜套装 抗皱淡纹紧致修护
黛芮日化用品(上海)股份有限公司,3,diary言之有物50%玻色因溶液胶原面霜耀白淡斑面霜 多规格,740.73,2,[面霜50g*2] diary言之有物50%玻色因溶液胶原面霜耀白淡斑面霜 多规格 || [自播专享] diary言之有物50%玻色因溶液胶原面霜耀白淡斑面霜
缔芙曼,1,全新升级养肤精华持妆粉底液.水润轻薄遮瑕养肤.提亮肤色.不卡粉不脱妆,3726.11,2,[冠军同款 拍1发6]全新升级养肤精华持妆粉底液.水润轻薄遮瑕养肤.提亮肤色.不卡粉不脱妆D1 || 缔芙曼[体操冠军同款]养肤精华持妆粉底液.轻薄遮瑕.提亮肤色.水润持久不卡粉不脱妆
缔芙曼,2,缔芙曼全新升级养肤精华持妆粉底液水润遮瑕.保湿.隔离.抗皱.持久不脱妆,1376.31,1,[冠军罗丹同款]缔芙曼全新升级养肤精华持妆粉底液水润遮瑕.保湿.隔离.抗皱.持久不脱妆
蒂洛薇,1,蒂洛薇水晶遮瑕持妆气垫保湿肽持妆防水,9494.56,4,【3.0 保湿肽】蒂洛薇水晶遮瑕持妆气垫保湿肽持妆防水DBt || 【3.0 高遮瑕】蒂洛薇水晶遮瑕持妆气垫保湿肽持妆防水DBt || 【年中好物】蒂洛薇水晶遮瑕持妆气垫保湿肽持妆防水DBt || 【高遮瑕】蒂洛薇3.0水晶遮瑕持妆气垫保湿肽持妆防水DBt  支持7天无理由退货(拆封后不支持)
蒂洛薇,2,蒂洛薇恒瓷沁润保湿粉膏持妆遮瑕替换芯dbt 支持7天无理由,7841.57,6,【3.0 保湿肽】蒂洛薇恒瓷沁润保湿粉膏持妆遮瑕替换芯dbt  支持7天无理由（不可拆封） || 【3.0保湿肽】蒂洛薇保湿肽恒瓷沁润粉膏持妆遮瑕DBt  支持7天无理由退货(拆封后不支持) || 【高倍遮瑕】蒂洛薇保湿肽恒瓷沁润粉膏持妆遮瑕DBt  支持7天无理由退货(拆封后不支持) || 【天官赐福】蒂洛薇保湿肽恒瓷沁润粉膏持妆遮瑕DBt  支持7天无理由退货(拆封后不支持) || 【限时优惠】蒂洛薇恒瓷3.0沁润保湿粉膏持妆遮瑕dbt  支持7天无理由退货(拆封后不支持) || 【周年庆】蒂洛薇恒瓷3.0沁润保湿粉膏持妆遮瑕dbt  支持7天无理由退货(拆封后不支持)
蒂洛薇,3,3.0保湿肽蒂洛薇水晶遮瑕气垫持妆控油bb霜 支持7天无理由退货,4007.19,1,【周年庆】3.0保湿肽蒂洛薇水晶遮瑕气垫持妆控油bb霜  支持7天无理由退货(拆封后不支持)
蒂洛薇,4,蒂洛薇3.0水晶遮瑕气垫保湿肽滋润持久控油bb霜防水DBt 支持7天无理由退货,2725.2,6,【年中好物】蒂洛薇3.0水晶遮瑕气垫保湿肽滋润持久控油bb霜防水DBt  支持7天无理由退货(拆封后不支持) || 【天官赐福】蒂洛薇3.0水晶遮瑕气垫保湿肽滋润持久控油bb霜防水DBt  支持7天无理由退货(拆封后不支持) || 【周年庆】蒂洛薇3.0水晶遮瑕气垫保湿肽滋润持久控油bb霜防水DBt  支持7天无理由退货(拆封后不支持) || 蒂洛薇3.0水晶遮瑕气垫保湿肽滋润持久控油bb霜 || [3.0限定款]蒂洛薇水晶保湿肽遮瑕持妆气垫滋润保湿肽持久控油防水DBt 支持7天无理由退货(拆封后不支持) || Dirovo3.0水晶遮瑕气垫保湿肽滋润持久控油bb霜防水DBt  支持7天无理由退货(拆封后不支持)
蒂洛薇,5,Dirovo 云雾触感水散粉高效保湿持妆 支持7天无理由退货,1356.06,4,【3.0保湿肽】Dirovo 云雾触感水散粉高效保湿持妆 支持7天无理由退货(拆封后不支持) || 【3.0 水活肽】Dirovo蒂洛薇云雾水散粉控油持久不脱妆DB 支持7天无理由退货(拆封后不支持) || Dirovo蒂洛薇云雾水散粉控油持久不脱妆DB 支持7天无理由退货(拆封后不支持) || Dirovo 3.0云雾触感水散粉高效保湿持妆  (拆封后不支持七天无理由)
蒂洛薇,6,Dirovo波浪纹云雾触感水散粉控油定妆散粉,675.42,1,【年中好物】Dirovo波浪纹云雾触感水散粉控油定妆散粉DB  (拆封不支持7天无理由)
蒂洛薇,7,蒂洛薇波浪纹云雾水散粉控油定妆散粉DB 支持7天无理由退货,552.55,4,【周年庆】蒂洛薇波浪纹云雾水散粉控油定妆散粉DB  支持7天无理由退货(拆封后不支持) || 蒂洛薇持妆云雾水散粉控油保湿DB  支持7天无理由退货(拆封后不支持) || 【天官赐福】蒂洛薇3.0云雾水散粉控油持久不脱妆DB 支持7天无理由退货(拆封后不支持) || 【长效持妆】蒂洛薇三色冰感水散粉控油散粉持久定妆散粉不脱妆DB  支持7天无理由退货(拆封后不支持)
蒂洛薇,8,Dirovo蒂洛薇云雾触感水散粉控油持久不脱妆,307.89,1,【3.0 水活肽】Dirovo蒂洛薇云雾触感水散粉控油持久不脱妆DB
蒂洛薇,9,蒂洛薇抱抱枕粉饼控油持妆遮瑕补妆DB 支持7天无理由退货,262.86,3,【年中好物】蒂洛薇抱抱枕粉饼控油持妆遮瑕补妆DB  支持7天无理由退货(拆封后不支持) || 【周年庆】蒂洛薇抱抱枕粉饼控油持妆遮瑕补妆DB  支持7天无理由退货(拆封后不支持) || 【3.0保湿肽】蒂洛薇抱抱枕粉饼控油持妆遮瑕补妆DB
蒂洛薇,10,Dirovo 高定宝石乳霜粉饼遮瑕补妆 支持7天无理由退货,244.88,4,【周年庆】Dirovo 高定宝石乳霜粉饼遮瑕补妆  支持7天无理由退货(拆封后不支持) || 【天官赐福】蒂洛薇 高定宝石乳霜粉饼遮瑕补妆  支持7天无理由退货(拆封后不支持) || Dirovo 蒂洛薇高定宝石乳霜粉饼遮瑕补妆 || Dirovo蒂洛薇高定宝石乳霜粉饼遮瑕补妆
对面科技,1,宫教授氯化羟铝止汗净味霜净腋霜改善异味清新干爽除汗臭,12177.11,3,宫教授氯化羟铝止汗净味霜净腋霜改善异味清新干爽除汗臭gg || 宫教授止汗净味霜改善异味清新干爽止汗露持久gg || 宫教授氯化羟铝止汗净味霜改善异味清新干爽止汗露持久舒适男女csp
对面科技,2,宫教授止汗净味霜改善异味清新干爽止汗露持久植物萃取,3700.83,3,宫教授止汗净味霜改善异味清新干爽止汗露持久植物萃取gg || 宫教授止汗净味霜改善异味清新干爽止汗露持久不黏腻腋下干爽舒适Zb || 宫教授止汗净味霜改善异味清新干爽止汗露持久不黏腻gg
对面科技,3,宫教授止汗净味霜氯化羟铝止汗露持久祛味无酒精速干型,2301.46,2,宫教授止汗净味霜氯化羟铝止汗露持久祛味无酒精速干型gg || 宫教授止汗净味霜氯化羟铝止汗露持久祛味速干型干爽清新gg
对面科技,4,宫教授10%氯化羟铝香体净腋霜止汗露抑味持久清爽植提,1222.62,2,宫教授10%氯化羟铝香体净腋霜止汗露抑味持久清爽植提gg || 宫教授氯化羟铝香体止汗霜止汗露抑味持久清爽ZB
对面科技,5,宫教授氯化羟铝止汗净味霜止汗露舒适清爽持久祛味速干型舒适润肤,442.69,1,宫教授氯化羟铝止汗净味霜止汗露舒适清爽持久祛味速干型舒适润肤z
对面科技,6,宫教授氯化羟铝止汗露祛味速干型止汗净味霜舒适清爽持久舒适留香,414.28,1,宫教授氯化羟铝止汗露祛味速干型止汗净味霜舒适清爽持久舒适留香gg
对面科技,7,氯化氢铝止汗净味霜改善异味清新干爽舒适清香腋下净爽,265.87,1,[宫教授]氯化氢铝止汗净味霜改善异味清新干爽舒适清香腋下净爽gg
对面科技,8,宫教授氯化羟铝祛味止汗露霜四季通用持久止汗净味男女适用无酒精速干型舒适清爽,0.0,1,宫教授氯化羟铝祛味止汗露霜四季通用持久止汗净味男女适用无酒精速干型舒适清爽czx
樊文花,1,樊文花1-10号精华面膜透明质酸钠控油保湿混合性皮肤贴片面膜,338.38,1,樊文花1-10号精华面膜透明质酸钠控油保湿混合性皮肤贴片面膜
樊文花,2,樊文花10号舒缓保湿喷雾补水护肤醒肤水感清爽肌爽肤水,0.0,1,【舒缓肌肤】樊文花10号舒缓保湿喷雾补水护肤醒肤水感清爽肌爽肤水
樊文花,3,玻色因胶原Pro眼霜抗皱提拉紧致绷带霜保湿淡纹修护,0.0,1,【新品发售】玻色因胶原Pro眼霜抗皱提拉紧致绷带霜保湿淡纹修护
敷尔佳,1,敷尔佳胶原璀璨嘭弹乳霜面膜 抗皱 紧致 舒缓,29231.04,3,【钢铁侠面膜】敷尔佳胶原璀璨嘭弹乳霜面膜 抗皱 紧致 舒缓 微信礼物 ZG GL || 【钢铁侠面膜】敷尔佳胶原璀璨嘭弹乳霜面膜 修护 保湿 抗皱 紧致 舒缓 换季 微信礼物 GL ZG || 【钢铁侠面膜】敷尔佳胶原璀璨嘭弹乳霜面膜 微信礼物
敷尔佳,2,敷尔佳DNA钠水光焕采紧塑面膜 紧致 淡纹 修护 补水,20354.25,7,【PDRN水光膜】敷尔佳DNA钠水光焕采紧塑面膜 紧致 淡纹 修护 补水 微信礼物 ZG || 【PDRN水光次抛】敷尔佳DNA钠水光焕采紧塑精华液 紧致 淡纹 修护 补水 微信礼物 ZG || 【PDRN水光膜】敷尔佳DNA钠水光焕采紧塑面膜 紧致 淡纹 微信礼物 || 【PDRN水光膜】敷尔佳DNA钠水光焕采紧致面膜 紧塑 淡纹 微信礼物 || 【PDRN水光次抛】敷尔佳DNA钠水光焕采紧塑精华液 紧致 淡纹 修护 补水 微信礼物 ZGDH || 【PDRN水光膜】敷尔佳DNA钠水光焕采紧塑面膜 紧致 淡纹 周年庆专享 || 【PDRN水光次抛】敷尔佳DNA钠水光焕采紧塑精华液 紧致 淡纹 修护 微信礼物
敷尔佳,3,敷尔佳清痘净肤次抛精华2.0 TUNEE GOODS,8001.99,4,【清痘净肤】敷尔佳清痘净肤次抛精华2.0 TUNEE GOODS 微信礼物 ZG || 【清痘净肤】敷尔佳清痘净肤次抛精华2.0 TUNEE GOODS 微信礼物 || 【快祛痘】敷尔佳清痘净肤修护次抛精华2.0 TUNEE GOODS 补水 修护 控油 祛痘 平衡水油 微信礼物 || 敷尔佳清痘净肤修护次抛精华2.0 62支 TUNEE GOODS 联名款 TKZS
敷尔佳,4,敷尔佳清痘净肤面膜2.0 TUNEE GOODS 补水 保湿 修护 清痘 祛痘 油痘肌,6061.62,3,【清痘面膜2.0】敷尔佳清痘净肤面膜2.0 TUNEE GOODS 补水 保湿 修护 清痘 祛痘 油痘肌 微信礼物 || 【清痘面膜2.0】敷尔佳清痘净肤面膜2.0 TUNEE GOODS 补水 保湿 修护 清痘 祛痘 油痘肌 周年庆专享 || 【少反复】敷尔佳联名清痘净肤面膜贴2.0 TUNEE GOODS 祛痘 修护 油痘肌 保湿 微信礼物
敷尔佳,5,敷尔佳亮肤臻白面膜 祛斑 美白 淡斑 保湿 紧致,3956.63,4,【强效美白】敷尔佳亮肤臻白面膜 祛斑 美白 淡斑 保湿 紧致 ZG GL || 【美白特惠】敷尔佳亮肤臻白面膜 美白 淡斑 紧致 保湿 补水 微信礼物 ZG || 【奢宠礼遇】敷尔佳亮肤臻白面膜 美白 淡斑 紧致 补水 修护 || 【臻白膜】敷尔佳亮肤臻白面膜 补水 美白 淡斑 保湿 修护 提亮 微信礼物
敷尔佳,6,敷尔佳酵能深润油敷膜 细腻滋养 抗皱紧致,3924.9,3,【新品钜惠】敷尔佳酵能深润油敷膜 细腻滋养 抗皱紧致 ZG GL HZ || 【新品特惠】敷尔佳酵能深润油敷膜 细腻滋养 抗皱紧致 ZG GL || 【新品钜惠】敷尔佳酵能深润油敷膜 抗皱紧致 ZG GL HZ
敷尔佳,7,敷尔佳祛痘舒缓痘痘贴 祛痘 控油 不卡粉,2490.26,2,【痘痘贴】敷尔佳祛痘舒缓痘痘贴 祛痘 控油 不卡粉（常规款/星星款） || 【新品特惠】敷尔佳祛痘舒缓痘痘贴 祛痘 控油 不卡粉（常规款/星星款）GL ZG
敷尔佳,8,敷尔佳御龄紧致次抛精华液 抗皱 紧致 淡纹,2062.9,1,【星品特惠】敷尔佳御龄紧致次抛精华液 抗皱 紧致 淡纹 ZG
敷尔佳,9,敷尔佳B5舒缓修护贴4盒 补水修护 舒缓褪红 DRZS,1808.29,1,敷尔佳B5舒缓修护贴4盒 补水修护 舒缓褪红 DRZS
敷尔佳,10,敷尔佳清痘净肤面膜贴2.0 补水 修护 舒缓 油痘肌 祛痘,1478.95,4,【清痘面膜】敷尔佳清痘净肤面膜贴2.0 补水 修护 舒缓 油痘肌 祛痘 微信礼物 XLJ || 【清痘面膜】敷尔佳清痘净肤面膜贴2.0 补水 修护 舒缓 油痘肌 祛痘 微信礼物 || 【清痘面膜2.0】敷尔佳清痘净肤面膜贴2.0 补水 修护 舒缓 油痘肌 祛痘 微信礼物 || 【清痘面膜2.0】敷尔佳清痘净肤面膜贴2.0 补水 修护 祛痘 油痘肌 YXZX 微信礼物
佛山市方众灵科技有限公司,1,冻干海藻面膜保湿面膜片女冻干粉精华,810.04,1,冻干海藻面膜保湿面膜片女冻干粉精华
佛山市方众灵科技有限公司,2,VC-淡黄淡斑-女冻干粉精华植萃面膜补水保湿干面膜片,760.5,1,VC-淡黄淡斑-女冻干粉精华植萃面膜补水保湿干面膜片
佛山市方众灵科技有限公司,3,芦荟-晒后舒缓-植萃面膜片女冻干粉精华补水保湿面膜,350.63,1,芦荟-晒后舒缓-植萃面膜片女冻干粉精华补水保湿面膜
福瑞达,1,珂谧穿膜胶原次抛2.0重组胶原淡纹抗皱次抛精华液,310.22,1,【到手51支次抛】珂谧穿膜胶原次抛2.0重组胶原淡纹抗皱次抛精华液
福瑞达,2,珂谧重组胶原灌注抗皱次抛精华液,303.36,1,【新品上市-穿膜次抛2.0】珂谧重组胶原灌注抗皱次抛精华液
谷雨,1,谷雨贵妇御龄抗皱奢润美颜膏,205473.57,4,【买一送一】谷雨贵妇御龄抗皱奢润美颜膏ZB2-SH2-1 || 【买一送一】谷雨贵妇御龄抗皱奢润美颜膏ZB2-SH2 || 【买一送一】谷雨贵妇御龄抗皱奢润美颜膏ZGZB2-GFS1 || 【贵妇素颜霜】夏季谷雨贵妇御龄抗皱奢润美颜膏水光焕采油露精华喷雾ZB2-SH
谷雨,2,谷雨胶原固态精华棒抗皱紧致淡纹提拉立体轮廓,109489.69,6,【震撼新品】谷雨胶原固态精华棒抗皱紧致淡纹提拉立体轮廓ZB1JYB4 || 【袁弘张歆艺专属】谷雨胶原固态精华棒山参奶皮面膜胶原面霜抗皱补水嫩肤焕亮紧致淡纹提拉立体轮廓ZB1JYB4 || 【震撼新品】谷雨胶原固态精华棒山参奶皮面膜胶原面霜抗皱补水嫩肤焕亮紧致淡纹提拉立体轮廓ZB1JYB4 || 【震撼新品】谷雨震撼新品御时胶原固态精华棒抗皱紧致淡纹提拉立体轮廓ZB1JYB2 || 【震撼新品】谷雨御龄胶原固态精华棒抗皱紧致淡纹提拉立体轮廓ZB1JYB2 || 【抗皱嫩肤】谷雨胶原固态精华棒水油高光喷雾抗皱补水嫩肤焕亮紧致淡纹提拉立体轮廓ZB1JYB4
谷雨,3,谷雨御时胶原固态喷雾紧致抗皱精华喷雾,66825.65,8,【胶原冰喷】谷雨御时胶原固态喷雾紧致抗皱精华喷雾ZB3gt1 || 【胶原冰喷】谷雨御时胶原固态喷雾紧致抗皱精华喷雾ZB3gt2 || 【胶原冰喷】谷雨御时胶原固态喷雾紧致抗皱精华喷雾ZB3gt3 || 【胶原冰喷】谷雨御时胶原固态喷雾紧致抗皱精华喷雾ZB3gt4 || 【胶原冰喷】谷雨御时胶原固态喷雾紧致抗皱精华喷雾ZGZB3 || 【1喷闪充浓缩胶原】谷雨胶原固态喷雾 御时紧致焕采精华喷雾  会员HY || 【胶原冰喷】谷雨胶原固态喷雾紧致抗皱淡纹精华喷雾ZB3gt1 || 【1喷闪充浓缩胶原】谷雨御时胶原固态喷雾 紧致滢润补水精华喷雾  会员HY
谷雨,4,谷雨逆时次抛肌能泌素人基抗皱赋活精华液,37553.5,6,【十周年特惠】谷雨逆时次抛肌能泌素人基抗皱赋活精华液-ZB2 || 【十周年特惠】谷雨逆时次抛肌能泌素人基抗皱赋活精华液-ZB211 || 【十周年特惠】谷雨逆时次抛肌能泌素人基抗皱赋活精华液-ZGZB211 || 【买1盒送1盒】谷雨细胞泌素逆时次抛精华肌能泌素人基抗皱赋活精华液送眼膜套组-ZB2 || 【买1盒送1盒】谷雨细胞泌素逆时次抛精华肌能泌素人基抗皱赋活精华液送眼膜套组-ZB227 || 【买3送2】谷雨逆时次抛囤货装肌能泌素人基抗皱赋活精华液-ZB228
谷雨,5,谷雨雪肌大白喷美白喷雾祛斑减黄提亮补水保湿便携夏季旅行,29768.14,3,【3瓶囤货装】谷雨雪肌大白喷美白喷雾祛斑减黄提亮补水保湿便携夏季旅行ZB3XJP2 || 【白上加白】谷雨雪肌大白喷美白喷雾祛斑减黄提亮补水保湿便携夏季旅行ZB3XJP1 || 【买一送一】谷雨雪肌大白喷美白喷雾祛斑减黄提亮补水保湿便携夏季旅行ZB3XJP1
谷雨,6,谷雨极光美白臻护精华霜 30+熟龄肌祛斑美白紧致修护,21143.21,5,【祛斑专研】谷雨极光美白臻护精华霜 30+熟龄肌祛斑美白紧致修护-ZB6 || 【买一送一】谷雨极光美白臻护精华霜 30岁以上熟龄肌祛斑美白紧致修护-ZB6 || 【祛斑美白】谷雨极光美白臻护精华霜 30岁以上熟龄肌祛斑美白紧致修护-ZB6 || 【祛斑美白】谷雨极光美白臻护精华霜 30岁以上熟龄肌祛斑美白紧致修护ZGZB6 || 【祛斑专研】谷雨极光美白臻护精华霜 30岁以上熟龄肌祛斑美白紧致修护-ZB6
谷雨,7,谷雨淡纹修护降温紧致提拉黄金精华面膜,19595.03,6,【固态胶原精华冻】谷雨淡纹修护降温紧致提拉黄金精华面膜-ZB2-DM2 || 【固态胶原精华冻膜】谷雨淡纹修护降温紧致提拉黄金精华面膜-ZB2-DM || 【固态胶原精华冻膜】谷雨淡纹修护降温紧致提拉黄金精华面膜-ZB2-DM1 || 【固态精华冻】谷雨淡纹修护降温紧致提拉黄金精华面膜-ZB2-DM8 || 【固态精华冻+固态胶原珠】谷雨淡纹修护降温紧致提拉黄金精华面膜-ZB2-DM7 || 【固态精华冻+高光精华喷】谷雨淡纹修护降温紧致提拉冰敷黄金精华面膜-ZB2-DM3
谷雨,8,谷雨淡纹紧致光感美白修护眼霜带红光微电美眼仪,18298.05,5,【仪霜一体】谷雨淡纹紧致光感美白修护眼霜带红光微电美眼仪ZB3ys2-jt || 【仪霜一体】谷雨淡纹紧致光感美白修护眼霜带红光微电美眼仪ZB3ys2 || 【仪霜一体】谷雨淡纹紧致光感美白修护眼霜带红光微电美眼仪ZB3ys6-2-x || 【仪霜一体】谷雨淡纹紧致光感美白修护眼霜带红光微电美眼仪ZB3ys6-2 || 【仪霜一体】谷雨淡纹紧致光感美白修护眼霜带红光微电美眼仪ZGZB3ys
谷雨,9,谷雨贵妇素颜霜 有色面霜 御龄抗皱奢润美颜膏 自然匀色淡细纹贵妇面霜 会员,16528.12,2,【一抹美颜无暇】 谷雨贵妇素颜霜 有色面霜 御龄抗皱奢润美颜膏 自然匀色淡细纹贵妇面霜 会员HY || 【一抹美颜无暇】 谷雨贵妇素颜霜 有色面霜 御龄抗皱奢润美颜膏 自然匀色淡细纹贵妇面霜ZGHJ
谷雨,10,山参胶原固态喷雾 谷雨御时紧致焕采精华喷雾抗皱紧致,16066.57,1,【胶原冰喷】山参胶原固态喷雾 谷雨御时紧致焕采精华喷雾抗皱紧致ZB3gt1
广东柚子舍生物科技有限公司,1,伊肤泉传明酸美白精华液,2265.28,2,【超皮秒斑】伊肤泉传明酸美白精华液 || 【祛黄褐斑】伊肤泉传明酸美白精华液
广州读道,1,志刚家玫瑰颂玫瑰精油纯露补水保湿抗皱爽肤水300ml,3167.17,2,【纯露直播福利】志刚家玫瑰颂玫瑰精油纯露补水保湿抗皱爽肤水300ml || 【纯露直播专属福利】 志刚家玫瑰颂 玫瑰精油纯露补水保湿抗皱嫩肤爽肤水300ml
广州蕙之娜莎电子商务有限公司,1,透之谜懒人素颜霜遮瑕美白保湿提亮肤色持久不脱妆,335.49,1,透之谜懒人素颜霜遮瑕美白保湿提亮肤色持久不脱妆官方正品
广州玛之格莉电子商务有限公司,1,透之谜懒人美白素颜霜遮瑕美白保湿提亮肤色持久不脱妆,1618.41,3,【买一送二】透之谜懒人美白素颜霜遮瑕美白保湿提亮肤色持久不脱妆 || 【拍一发三】透之谜懒人美白素颜霜遮瑕美白保湿提亮肤色持久不脱妆 || 【买一送二】赵雅芝代言透之谜懒人美白素颜霜遮瑕美白保湿提亮肤色持久防水防汗不脱妆
广州玛之格莉电子商务有限公司,2,赵雅芝代言透之谜美白补水保湿素颜霜美白遮瑕保湿提亮肤色持久防水防汗不脱妆,942.3,1,（69元3瓶）赵雅芝代言透之谜美白补水保湿素颜霜美白遮瑕保湿提亮肤色持久防水防汗不脱妆
广州微洋生物科技有限公司,1,ZEESEA滋色定格柔焦定妆膏小蓝盒青春版粉饼散粉夏季补妆升级版,468.76,1,[进阶版-更控油]ZEESEA滋色定格柔焦定妆膏小蓝盒青春版粉饼散粉夏季补妆升级版
广州微洋生物科技有限公司,2,ZEESEA滋色新款青春版小蓝盒定妆膏粉饼散粉夏季补妆控油防水持久,448.61,1,[爆款升级2.0]ZEESEA滋色新款青春版小蓝盒定妆膏粉饼散粉夏季补妆控油防水持久8g
广州微洋生物科技有限公司,3,ZEESEA滋色定妆膏无粉感粉饼粉冻持久控油定妆蜜粉防水细腻散粉,280.43,1,[0粉感]ZEESEA滋色定妆膏无粉感粉饼粉冻持久控油定妆蜜粉防水细腻散粉
广州唯新信息科技有限公司,1,志刚家玫瑰颂玫瑰精油纯露补水保湿抗皱爽肤水300ml,910.73,1,【纯露直播福利】志刚家玫瑰颂玫瑰精油纯露补水保湿抗皱爽肤水300ml
瑰宝蜜语,1,Gracebabi立体精雕双头修容笔持久提亮哑光阴影极细珠光侧影轮廓,640.61,1,Gracebabi立体精雕双头修容笔持久提亮哑光阴影极细珠光侧影轮廓
海洋之萃(深圳)商贸有限公司,1,活性锰甲醛分解片强力除甲醛新房入住去异味汽车衣柜净化神器代购,895.52,1,[胖东來&商超热卖]活性锰甲醛分解片强力除甲醛新房入住去异味汽车衣柜净化神器代购
海洋之萃(深圳)商贸有限公司,2,宠物沐浴露猫狗洗澡柔顺护毛蓬松留香温和清洁,482.37,1,[宠物店专用]宠物沐浴露猫狗洗澡柔顺护毛蓬松留香温和清洁官方正品
海洋之萃(深圳)商贸有限公司,3,聚维酮碘漱口水碘伏杀菌除味清新口气留香口腔专用代购,465.33,1,[胖东來力荐]聚维酮碘漱口水碘伏杀菌除味清新口气留香口腔专用代购
韩束,1,韩束PDRN三文鱼次抛精华 深层修护肌肤 紧致轮廓 淡化纹路,4843.92,3,【限时加赠高效美容仪】韩束PDRN三文鱼次抛精华 深层修护肌肤 紧致轮廓 淡化纹路-zbby || 【限时加赠高效美容仪】韩束PDRN三文鱼次抛精华 深层修护肌肤 紧致轮廓 淡化纹路 || 【商城专属】韩束PDRN三文鱼次抛精华 深层修护肌肤 淡化纹路 紧致轮廓-zg
韩束,2,韩束男士控油精华露 长效控油不反光 拒绝油腻感 男人就该干净精神,4801.32,3,【控油醒肤】韩束男士控油精华露 长效控油不反光 拒绝油腻感 男人就该干净精神-zb || 【商城专属】韩束男士控油精华露 长效控油不反光 拒绝油腻感 男人就该干净精神 || 【央媒专属】韩束男士控油精华露 长效控油不反光 拒绝油腻感 男人就该干净精神-zb
韩束,3,韩束黄金胶原面膜 黄金抗氧CP+双金膜 多肽紧致淡纹 水润透亮 聪明女人选对不选贵,3948.09,1,【把营养灌进肌底】韩束黄金胶原面膜 黄金抗氧CP+双金膜 多肽紧致淡纹 水润透亮 聪明女人选对不选贵-zg
韩束,4,韩束红蛮腰水乳霜护肤套装 抗皱修护 紧致提亮 水润维稳 送礼送老婆,3717.52,2,【热卖1800w+】韩束红蛮腰水乳霜护肤套装 抗皱修护 紧致提亮 水润维稳 送礼送老婆zb || 【商城专属】韩束红蛮腰水乳霜护肤套装 抗皱修护 紧致提亮 水润维稳 送礼送老婆-zg
韩束,5,韩束闪充棒 促胶原抗皱 紧致下颌线 熬夜急救 懒人护肤,2805.67,1,【水油同补 即刻充盈】韩束闪充棒 促胶原抗皱 紧致下颌线 熬夜急救 懒人护肤-zb
韩束,6,韩束美白洁面 买正送正 洗卸合一 28天长效焕白 保湿润泽 焕白肌肤 敏肌适用,1873.08,2,【买一送一！持证美白洁面霜！】韩束美白洁面 买正送正 洗卸合一 28天长效焕白 保湿润泽 焕白肌肤  敏肌适用-zbdk || 【买一送一！持证美白洁面霜！】韩束美白洁面 买正送正 28天长效焕白 保湿润泽 焕白肌肤 洗卸合一 敏肌适用-zbdk
韩束,7,韩束淡纹水光面膜 专利胶原肽 抗皱紧致 提亮肤色 改善暗沉,1746.44,2,【商城专属】韩束淡纹水光面膜 专利胶原肽 抗皱紧致 提亮肤色 改善暗沉-zg || 【院线同源 拍1发10】韩束淡纹水光面膜 专利胶原肽 抗皱紧致 提亮肤色 改善暗沉zb
韩束,8,韩束男士 控油祛痘 收缩毛孔 去黑头洁面 火山泥洗面奶,1295.15,2,【控油祛痘 加赠起泡网】韩束男士 控油祛痘 收缩毛孔 去黑头洁面 火山泥洗面奶 || 【商城专属】韩束男士 控油祛痘 收缩毛孔 去黑头洁面 火山泥洗面奶
韩束,9,水光胶原面膜 补水保湿 淡纹紧致,1265.25,1,【韩束官方正品 拍1到手10支】水光胶原面膜 补水保湿 淡纹紧致-sc
韩束,10,韩束377亮白棒 去黄提亮不反黑 素颜好状态 日常淡斑 素颜出门,1193.23,3,【热卖1800w支+】韩束377亮白棒 去黄提亮不反黑 素颜好状态 日常淡斑 素颜出门-zb || 【商城专属】韩束377亮白棒 去黄提亮不反黑 素颜好状态 日常淡斑 素颜出门-zg || 【商城专属】韩束377亮白棒 去黄提亮不反黑 素颜好状态 日常淡斑 素颜出门
杭州炫枫科技有限公司,1,Liar水光多肽胶原蛋白面膜3.0PDRN提拉紧致水光肌,2094.72,1,[官方正品]Liar水光多肽胶原蛋白面膜3.0PDRN提拉紧致水光肌
好运莲莲,1,古雾紫邂逅女士从容自信花果香清新花香持久留香淡香水,860.51,1,古雾紫邂逅女士从容自信花果香清新花香持久留香淡香水301
红卫-寻策,1,红卫汉方羊脂皂草本润颜皂清洁男女香皂清凉洁面沐浴家用洗全身,1142.44,2,[74周年感恩回馈 | 拍一发五] 红卫汉方羊脂皂草本润颜皂清洁男女香皂清凉洁面沐浴家用洗全身 || [热销爆款 | 拍一发五 | 正品保证] 红卫汉方羊脂皂草本润颜皂清洁男女香皂清凉洁面沐浴家用洗全身
乎刻,1,HUKO乎刻美白身体乳220g提亮清爽乳抗皱补水保湿不油腻留香,3871.99,1,[官方自营]HUKO乎刻美白身体乳220g提亮清爽乳抗皱补水保湿不油腻留香
乎刻,2,HUKO乎刻果酸酶嫩肤双泵沐浴露香氛补水保湿滋养清洗温和祛背痘,523.8,1,[官方自营]HUKO乎刻果酸酶嫩肤双泵沐浴露香氛补水保湿滋养清洗温和祛背痘
乎刻,3,乎刻美白身体乳220g紧致抗皱烟酰胺全身男女通用,444.6,1,[官方自营]乎刻美白身体乳220g紧致抗皱烟酰胺全身男女通用
乎刻,4,乎刻美白身体素颜霜烟酰胺防水汗不蹭衣袖不假白清爽,350.31,1,[官方正品]乎刻美白身体素颜霜烟酰胺防水汗不蹭衣袖不假白清爽
花西子,1,花西子好气色防晒粉饼SPF50+/PA+++/四效合一/出游通勤,26382.21,2,【隐毛孔 好细腻】花西子好气色防晒粉饼SPF50+/PA+++/四效合一/出游通勤 || 【七夕臻礼】花西子好气色防晒粉饼/定匀补防/SPF50+/PA+++/出游旅行/干用/四效合一
花西子,2,花西子新升级好气色气垫1+2/60倍高浓灵芝入妆/干皮混干/润贴不卡粉,13939.49,1,【奢养级气垫】花西子新升级好气色气垫1+2/60倍高浓灵芝入妆/干皮混干/润贴不卡粉
花西子,3,花西子第二代小黛伞防晒隔离素颜霜//提亮妆前/淡纹养肤,4083.05,3,【修黄提亮防晒黑】花西子第二代小黛伞防晒隔离素颜霜//提亮妆前/淡纹养肤 || 【七夕限定新色】花西子第二代小黛伞防晒隔离素颜霜/隐毛孔/提亮妆前/淡纹养肤/七效合一 || 【七效合一】花西子第二代小黛伞防晒隔离素颜霜到手35g送化妆包/防晒好搭子/提亮妆前/淡纹养肤
花西子,4,花西子防晒气垫1+1送化妆包/spf50+/pa++++/敏肌适用/持久遮瑕/修护光损,2166.45,1,【SPF50+防晒气垫】花西子防晒气垫1+1送化妆包/spf50+/pa++++/敏肌适用/持久遮瑕/修护光损
花西子,5,花西子好气色防晒粉饼新升级/定匀补防/SPF50+/PA+++/出游旅行/四合一,1932.83,1,【隐毛孔 好细腻】花西子好气色防晒粉饼新升级/定匀补防/SPF50+/PA+++/出游旅行/四合一
花西子,6,花西子好气色气垫1+2/60倍高浓灵芝入妆/持妆贴肤/24h贴妆/可选肤质,1565.59,1,【七夕限定臻礼】花西子好气色气垫1+2/60倍高浓灵芝入妆/持妆贴肤/24h贴妆/可选肤质
花西子,7,花西子防晒气垫1+1/spf50+/防晒12H/修护光损/24H持妆/敏肌可用,820.32,1,【七夕臻礼】花西子防晒气垫1+1/spf50+/防晒12H/修护光损/24H持妆/敏肌可用
花西子,8,花西子玉容气垫1+1养肤/匀肤强遮瑕/12H无瑕妆/新手/不脱妆敏肌适用,397.94,1,【小粉盒气垫】花西子玉容气垫1+1养肤/匀肤强遮瑕/12H无瑕妆/新手/不脱妆敏肌适用
花西子,9,花西子雕花口红精华玉光版/淡唇纹/显白/持色/送女友素颜/礼物,0.0,1,【送妈妈送女友送自己】花西子雕花口红精华玉光版/淡唇纹/显白/持色/送女友素颜/礼物
黄芪,1,黄芪抗皱眼膜淡化干纹细纹,15305.88,4,【拍一发五，黄金眼膜180片下单赠送小熊化妆箱七夕限时加赠神秘礼品】黄芪抗皱眼膜淡化干纹细纹 || 【拍一发五，三盒黄金眼膜180片下单赠送小熊化妆箱七夕限时加赠神秘礼品】黄芪抗皱眼膜淡化干纹细纹 || 【拍一发五，黄金眼膜180片下单赠送小熊化妆箱加神秘礼品】七夕专属加码福利-黄芪抗皱眼膜淡化干纹细纹，改善熬夜暗沉眼周 || 【拍一发五，黄金眼膜180片下单赠送小熊化妆箱七夕限时加赠神秘礼品】黄芪抗皱眼膜淡化干纹细纹，改善熬夜暗沉眼周
黄芪,2,黄芪抗皱淡纹眼膜,10418.37,3,（拍一发三，黄金眼膜*3 180贴  加上送一个小熊化妆箱）黄芪抗皱淡纹眼膜 || 【拍一发三，黄金眼膜*3 180贴  加上送一个小熊化妆箱】黄芪抗皱淡纹眼膜 || 【拍一发三，黄金眼膜*3 180贴 加上送一个小熊化妆箱】黄芪抗皱淡纹眼膜
纪颜美记,1,梅婷明星同款朱莉欧四色面膜多效合一补水保湿细致毛孔清洁毛孔控油紧致熬夜舒缓修护提亮涂抹式大套组,577.67,1,梅婷明星同款朱莉欧四色面膜多效合一补水保湿细致毛孔清洁毛孔控油紧致熬夜舒缓修护提亮涂抹式大套组d
娇莱雅,1,Y 焕亮美白祛斑霜 +光蕴透白精华水 乳暗黄提亮肤色,1157.45,2,Y 【开学好礼甜蜜美白套盒】焕亮美白祛斑霜 +光蕴透白精华水 乳暗黄提亮肤色【灰灰推荐】 || Y 【七夕礼物甜蜜美白套盒】焕亮美白祛斑霜 +光蕴透白精华水 乳暗黄提亮肤色【灰灰推荐】
酵色,1,酵色粉雾口红笔哑光雾面秋冬口红不易沾杯裸色温柔显白,3122.56,2,[品牌官方]酵色粉雾口红笔哑光雾面秋冬口红不易沾杯裸色温柔显白db || [品牌官方]酵色粉雾口红笔哑光雾面秋冬口红不易沾杯裸色温柔显白DB
酵色,2,NEW！夏日系列灵感妆容盘时髦一盘多用唇颊眼,1130.26,1,[品牌官方]NEW！夏日系列灵感妆容盘时髦一盘多用唇颊眼DB
酵色,3,酵色多用霜C21C24口红唇釉唇泥腮红眼影美妆必备唇膏,720.0,1,【人气爆款】酵色多用霜C21C24口红唇釉唇泥腮红眼影美妆必备唇膏
酵色,4,酵色粉雾口红笔哑光时髦新色不易沾杯雾面气质高级,583.53,1,【重磅上新】酵色粉雾口红笔哑光时髦新色不易沾杯雾面气质高级
酵色,5,酵色镜面唇釉水光透亮镜面持久低饱和百搭日常高级显白,314.58,1,【新品上市】酵色镜面唇釉水光透亮镜面持久低饱和百搭日常高级显白
京润美妆,1,京润珍珠 珍珠美白祛斑霜,273.97,1,京润珍珠【总裁特批】珍珠美白祛斑霜【第六代】【新品】
京润美妆,2,京润珍珠 时光焕妍肌底液抗皱精华液 修护保湿抗皱紧致舒缓,254.55,1,[官方店]京润珍珠 时光焕妍肌底液抗皱精华液 修护保湿抗皱紧致舒缓
橘朵,1,橘朵唇粉霜口红唇釉不沾杯不掉色淡人长期主义口红,4675.45,1,[爆款推荐]橘朵唇粉霜口红唇釉不沾杯不掉色淡人长期主义口红
橘朵,2,品牌推荐橘朵唇粉霜唇釉不沾杯哑光方圆脸黄黑皮显白口红唇泥唇釉,1519.05,2,【爆款推荐】品牌推荐橘朵唇粉霜唇釉不沾杯哑光方圆脸黄黑皮显白口红唇泥唇釉 || 【品牌推荐同款】橘朵唇粉霜唇釉不沾杯哑光方圆脸黄黑皮显白口红唇泥唇釉 直播间专享
橘朵,3,橘朵粉管精华口红唇膏水光滋润淡纹持久裸色显白春夏新色,732.36,1,【品牌推荐】橘朵粉管精华口红唇膏水光滋润淡纹持久裸色显白春夏新色
橘朵,4,Judydoll橘朵唇粉霜气垫唇霜哑光显白丝滑唇妆,0.0,1,[加量不加价]Judydoll橘朵唇粉霜气垫唇霜哑光显白丝滑唇妆
橘朵,5,橘朵钢管睫毛膏 防水纤长持久卷翘,0.0,1,[视频号专享]橘朵钢管睫毛膏 防水纤长持久卷翘
橘朵,6,橘朵七色眼影盘 大地色腮红高光日常新手妆容,0.0,1,[直播间专享]橘朵七色眼影盘 大地色腮红高光日常新手妆容
橘朵,7,橘朵小仙参精华干皮气垫 粉底液遮瑕保湿持妆,0.0,1,[直播间专享]橘朵小仙参精华干皮气垫 粉底液遮瑕保湿持妆
橘朵,8,全新橘朵玩趣七色眼影盘 氛围大地色腮红高光,0.0,1,全新橘朵玩趣七色眼影盘 氛围大地色腮红高光
橘朵,9,Judydoll橘朵单色腮红奶膏腮红 腮紫腮蓝哑光提亮膨胀,0.0,1,Judydoll橘朵单色腮红奶膏腮红 腮紫腮蓝哑光提亮膨胀
橘朵,10,Judydoll橘朵金属刷头精华唇蜜镜面水光唇釉金属刷头,0.0,1,Judydoll橘朵金属刷头精华唇蜜镜面水光唇釉金属刷头
卡姿兰,1,卡姿兰雾吻口红第三代新升级显白显气质哑光M584芭乐色送人送礼大促特惠送对象,23698.12,4,【拍1发2周年庆特批】卡姿兰雾吻口红第三代新升级显白显气质哑光M584芭乐色送人送礼大促特惠送对象ZB || 【周年庆特批买大送小】卡姿兰雾吻口红第三代新升级显白显气质哑光M584芭乐色送人送礼大促特惠送对象ZB || 【PINK限定上架】卡姿兰雾吻口红第三代新升级显白显气质哑光M584芭乐色送人送礼大促特惠送对象ZB || 【PINK限定上架】卡姿兰雾吻口红第三代新升级显白显气质哑光M584芭乐色送人送礼大促特惠ZB
卡姿兰,2,卡姿兰大眼睛睫毛膏持久新手卷翘不晕染不易脱妆,7719.78,3,【冰感梳齿刷头】卡姿兰大眼睛睫毛膏持久新手卷翘不晕染不易脱妆ZB || 【郭碧婷推荐】卡姿兰大眼睛睫毛膏持久新手卷翘不晕染不易脱妆防水 || 【明星推荐】卡姿兰大眼睛睫毛膏持久新手卷翘不晕染不易脱妆防水
卡姿兰,3,卡姿兰雾吻口红第三代新升级哑光款M584清甜芭乐,7106.97,2,【买大送小】卡姿兰雾吻口红第三代新升级哑光款M584清甜芭乐CB || 【拍1发3】卡姿兰雾吻口红第三代新升级哑光款M584清甜芭乐ZB
凯雅,1,KAIYA凯雅防水流畅眼线笔眼线液笔不脱色不易晕染,394.22,1,[试用不喜欢可退]KAIYA凯雅防水流畅眼线笔眼线液笔不脱色不易晕染
珂曼,1,珂曼精油变色润唇膏保湿补水温感唇膏淡纹,4931.95,3,[七夕好礼]珂曼精油变色润唇膏保湿补水温感唇膏淡纹 || [全新包装]珂曼精油变色润唇膏保湿补水温感唇膏淡纹 || [全新升级6.0]珂曼精油变色润唇膏保湿补水温感唇膏淡纹
珂曼,2,珂曼生机裸感雾面哑光丝绒口红,836.77,2,[七夕好价]珂曼生机裸感雾面哑光丝绒口红 || [暑期狂欢价]珂曼生机裸感雾面哑光丝绒口红
可复美,1,重组Ⅰ型α1亚型胶原蛋白冻干纤维,834.01,1,重组Ⅰ型α1亚型胶原蛋白冻干纤维
可复美,2,巨子生物可复美重组胶原蛋白肌御赋活修护精粹水120ml/瓶+肌御赋活修护精粹凝乳,613.67,2,[七夕送礼臻选-胶原水乳礼盒]巨子生物可复美重组胶原蛋白肌御赋活修护精粹水120ml/瓶+肌御赋活修护精粹凝乳80ml || [修护臻选-胶原水乳礼盒]巨子生物可复美重组胶原蛋白肌御赋活修护精粹水120ml/瓶+肌御赋活修护精粹凝乳80ml-zy
可复美,3,可复美重组胶原蛋白肌御修护次抛精华液1.5ml*30支/盒修护皮肤屏障、舒缓减轻泛红,578.43,1,[可复美胶原棒] 可复美重组胶原蛋白肌御修护次抛精华液1.5ml*30支/盒修护皮肤屏障、舒缓减轻泛红
可丽金,1,可丽金重组胶原蛋白赋能紧致焕亮保湿焕颜精粹水,880.42,2,【胶原精华全效水拍1到手14件】可丽金重组胶原蛋白赋能紧致焕亮保湿焕颜精粹水 || 【胶原精华水拍1到手14件】可丽金重组胶原蛋白赋能紧致焕亮保湿焕颜精粹水 胶原抗皱 水润保湿 紧致轮廓
可丽金,2,可丽金胶原蛋白紧致弹润嘭嘭次抛精华3支*3袋+美白祛斑皙白精华7支/盒保湿紧致 清爽不粘腻,700.6,1,【美白嘭弹次抛套组到手16件】可丽金胶原蛋白紧致弹润嘭嘭次抛精华3支*3袋+美白祛斑皙白精华7支/盒保湿紧致 清爽不粘腻
可丽金,3,可丽金重组胶原蛋白赋能紧致驻颜面膜 胶原抗皱套组 紧致淡纹 水润保湿,326.91,1,【周年庆抢先购 胶原大膜王到手45件】可丽金重组胶原蛋白赋能紧致驻颜面膜 胶原抗皱套组 紧致淡纹 水润保湿
可丽金,4,可丽金重组胶原蛋白赋能珍萃紧致弹润次抛精华3支*4 修护肌肤 补水保湿 胶原抗皱,268.52,1,【胶原嘭嘭次抛到手12件】可丽金重组胶原蛋白赋能珍萃紧致弹润次抛精华3支*4 修护肌肤 补水保湿 胶原抗皱
兰,1,LAN兰气泡油2.0 Pro凤凰油特证版精萃油 减黄提亮紧致抗皱,686.29,1,【美白嫩肤】LAN兰气泡油2.0 Pro凤凰油特证版精萃油 减黄提亮紧致抗皱   DB
兰亭lantern,1,兰亭胶原蛋白抗皱男士精华液提拉紧致滋润舒缓补水保湿,406.38,1,[官方正品]兰亭胶原蛋白抗皱男士精华液提拉紧致滋润舒缓补水保湿
荔树,1,荔树粉底刷不吃粉轻薄无痕底妆美妆工具黑凤梨粉扑化妆刷高定礼盒,416.6,1,荔树粉底刷不吃粉轻薄无痕底妆美妆工具黑凤梨粉扑化妆刷高定礼盒
荔树,2,荔树旗袍粉扑+一字粉刷超软不吃粉干湿两用便携粉扑,290.54,1,荔树旗袍粉扑+一字粉刷超软不吃粉干湿两用便携粉扑
连云港娥妆科技有限公司,1,朱莉欧臻颜美肤素颜霜遮瑕水润保湿提亮肤色懒人霜,250.26,1,【官方正品】朱莉欧臻颜美肤素颜霜遮瑕水润保湿提亮肤色懒人霜
料堆堆,1,料堆堆眉笔木杆眉笔3.3g硬芯新版砍刀眉笔新手适用持妆赠削眉笔器,781.15,1,料堆堆眉笔木杆眉笔3.3g硬芯新版砍刀眉笔新手适用持妆赠削眉笔器
料堆堆,2,料堆堆2718水粉饼定妆粉饼透明大白饼柔焦提亮遮毛孔,604.84,2,料堆堆2718水粉饼定妆粉饼透明大白饼柔焦提亮遮毛孔 || 料堆堆2718水粉饼定妆粉饼透明大白饼柔焦提亮遮毛孔1
林清轩,1,林清轩小金珠精华水2.0油凝珠细胞级嘭弹抗皱紧致水乳套装重磅新品,3961.64,2,【总裁专属】林清轩小金珠精华水2.0油凝珠细胞级嘭弹抗皱紧致水乳套装重磅新品 || 【直播专属】林清轩山茶花全新小金珠精华水油凝珠细胞级嘭弹抗皱紧致水乳套装
林清轩,2,林清轩山茶花抗皱修护精华油5.0以油养肤抗皱紧致,3841.48,5,[10分钟抗皱淡纹]林清轩山茶花抗皱修护精华油5.0以油养肤抗皱紧致 || [直播专属]林清轩山茶花抗皱修护精华油5.0以油养肤抗皱紧致 || [直播专属]林清轩山茶花抗皱修护精华油5.0以油养肤修护紧致15ml*3赠胶原多肽面膜 || [直播专属]林清轩山茶花抗皱修护精华油5.0以油养肤修护紧致15ml*3 || [以油养肤开创者] 林清轩山茶花 抗皱修护精华油5.0/30ml修护紧致 以油养肤
林清轩,3,林清轩美白精华油15ml淡斑美白特证抗皱焕亮以油养白,2368.16,6,【直播专属】林清轩美白精华油15ml淡斑美白特证抗皱焕亮以油养白 || 【直播专属】林清轩美白精华油15ml淡斑美白特证保湿提亮以油养白 || 【总裁专属】林清轩美白精华油15ml*3淡斑美白特证抗皱焕亮以油养白 || 【总裁专属】林清轩美白精华油15ml*3淡斑美白特证抗皱焕亮以油养白赠2.0多肽面霜 || 【于适同款】林清轩美白精华油15ml*3淡斑美白特证抗皱焕亮以油养白限定周边 || 【福哥专属】林清轩山茶花美白精华油15ml*2淡斑美白特证以油养白焕亮紧致赠次抛精华
林清轩,4,林清轩山茶花多肽重组胶原弹嫩精华水精华乳套组,2292.22,3,【直播专属】林清轩山茶花多肽重组胶原弹嫩精华水精华乳套组 || 【直播专属】林清轩山茶花多肽重组胶原弹嫩精华水乳精华霜套组赠次抛精华 || 【直播专属】林清轩山茶花多肽重组胶原弹嫩精华水125ml*2瓶
林清轩,5,林清轩爆款面膜套组,1969.61,1,【新客体验礼】林清轩爆款面膜套组
林清轩,6,林清轩精华级双特证光透美白精华防晒霜30g*2,1891.64,2,【重磅新品】林清轩精华级双特证光透美白精华防晒霜30g*2 || 【重磅新品】林清轩精华级双特证光透美白精华防晒霜30g
林清轩,7,林清轩山茶花DNA钠臻修抗皱悬油次抛精华液7支派样,1686.97,2,【新客体验礼】林清轩山茶花DNA钠臻修抗皱悬油次抛精华液7支派样 || 【重磅新品】林清轩山茶花DNA钠臻修抗皱紧致悬油次抛精华液
林清轩,8,林清轩耀白淡斑抗皱双仓油养面膜美白修护抗皱舒缓,1547.1,1,【直播专属】林清轩耀白淡斑抗皱双仓油养面膜美白修护抗皱舒缓
林清轩,9,林清轩小金珠双管洁面双舱早晚分时温和清洁不刺激,1431.6,1,【重磅新品】林清轩小金珠双管洁面双舱早晚分时温和清洁不刺激
林清轩,10,林清轩山茶花美白油敷面膜以油养白淡斑保湿提亮,1348.2,1,【宠粉季】林清轩山茶花美白油敷面膜以油养白淡斑保湿提亮
柳丝木,1,柳丝木黑茶卸妆膏眼唇易乳化清爽净卸不闷痘不辣眼,2744.67,2,柳丝木黑茶卸妆膏眼唇易乳化清爽净卸不闷痘不辣眼DB || 柳丝木黑茶卸妆膏易乳化清爽净卸不辣眼不闷痘保湿
柳丝木,2,柳丝木黑茶卸妆油深层清洁敏肌温和养肤淡妆浓妆眼唇可卸不糊眼,894.88,1,[张月同款]柳丝木黑茶卸妆油深层清洁敏肌温和养肤淡妆浓妆眼唇可卸不糊眼GC
柳丝木,3,柳丝木水感保湿乳霜补水喷雾水油平衡养肤,491.58,1,柳丝木水感保湿乳霜补水喷雾水油平衡养肤
罗娜女神,1,罗娜女神仿生膜升级黑魔法秘境口红淡化唇纹护唇,1275.47,1,【全新二代升级】罗娜女神仿生膜升级黑魔法秘境口红淡化唇纹护唇
毛戈平,1,毛戈平光感美肌无痕粉膏粉底液7.5g*2遮瑕持妆通勤妆,7831.74,5,【陈丽君同款】毛戈平光感美肌无痕粉膏粉底液7.5g*2遮瑕持妆通勤妆 || 【七夕专属】毛戈平光感美肌无痕粉膏粉底液7.5g*2遮瑕持妆通勤妆 || 毛戈平光感美肌无痕粉膏粉底液7.5g*2遮瑕持妆通勤妆 || 毛戈平光感美肌无痕粉膏粉底液4g+小金扇7g遮瑕持妆通勤妆持妆送礼美妆持久 || 毛戈平光感美肌无痕粉膏粉底液7.5g*2遮瑕持妆通勤妆粉底液
毛戈平,2,毛戈平光感美肌无痕粉膏粉底液12.5大容量通勤妆送礼持妆定妆粉底新手友好,571.6,1,【遮瑕持妆】毛戈平光感美肌无痕粉膏粉底液12.5大容量通勤妆送礼持妆定妆粉底新手友好
毛戈平,3,毛戈平奢华鱼子酱面膜涂抹式面膜30g保湿修护抗皱修护涂抹式非睡眠面膜熬夜救星保湿舒缓,0.0,1,【 淡纹紧致】毛戈平奢华鱼子酱面膜涂抹式面膜30g保湿修护抗皱修护涂抹式非睡眠面膜熬夜救星保湿舒缓
毛戈平,4,毛戈平光感柔纱凝颜小金扇粉饼7g妆容好物美妆持久补妆散粉,0.0,2,【定妆好物】毛戈平光感柔纱凝颜小金扇粉饼7g妆容好物美妆持久补妆散粉 || 【磨皮持妆】毛戈平光感柔纱凝颜小金扇粉饼7g*2底妆通勤妆
毛戈平,5,毛戈平光感柔纱凝颜11.5g小金扇粉饼定妆粉质细腻送礼持久美妆补妆,0.0,1,【空气感磨皮】毛戈平光感柔纱凝颜11.5g小金扇粉饼定妆粉质细腻送礼持久美妆补妆
毛戈平,6,毛戈平美肌无痕粉膏7.5g+小金扇粉饼7g+精华蜜5ml细腻粉底液持妆,0.0,1,【礼物】毛戈平美肌无痕粉膏7.5g+小金扇粉饼7g+精华蜜5ml细腻粉底液持妆
毛戈平,7,毛戈平美肌无痕粉膏粉底液12.5g+光感柔纱凝颜粉饼7g底妆套组送礼持妆修饰肤色美妆补妆持久,0.0,1,【磨皮持妆cp】毛戈平美肌无痕粉膏粉底液12.5g+光感柔纱凝颜粉饼7g底妆套组送礼持妆修饰肤色美妆补妆持久
毛戈平,8,毛戈平光感幻彩双色蜜粉6.5g散粉补妆定妆粉粉质细腻美容修饰定妆送礼美妆补妆持妆,0.0,1,【如光幻亮 持色定妆】毛戈平光感幻彩双色蜜粉6.5g散粉补妆定妆粉粉质细腻美容修饰定妆送礼美妆补妆持妆
毛戈平,9,毛戈平养肤焕颜修护精华蜜15ml抗皱保湿精华液紧致保湿滋养精华,0.0,1,【润而不油】毛戈平养肤焕颜修护精华蜜15ml抗皱保湿精华液紧致保湿滋养精华
毛戈平,10,毛戈平黑羽翼气垫14g+14g雾面持久不脱妆油皮粉底液,0.0,1,【水感雾面 持妆出众】毛戈平黑羽翼气垫14g+14g雾面持久不脱妆油皮粉底液
玫瑰颂,1,志刚哥玫瑰颂玫瑰精华油 原产地精油紧致保湿舒缓抗皱,4200.04,3,【玫瑰精华油】志刚哥 玫瑰颂玫瑰精华油原产地精油紧致保湿舒缓抗皱10ml || 【玫瑰精华油】志刚哥玫瑰颂玫瑰精华油 原产地精油紧致保湿舒缓抗皱10ml || 【拍一发八】志刚哥玫瑰颂玫瑰精华油 原产地精油紧致保湿舒缓抗皱10ml
玫瑰颂,2,志刚哥玫瑰颂芳龄魔法油抗皱紧致舒缓透亮水油平衡,1655.01,1,【魔法精华】志刚哥玫瑰颂芳龄魔法油抗皱紧致舒缓透亮水油平衡40ml
玫瑰颂,3,志刚哥玫瑰颂齐鲁双花光感发酵面膜滋养修护抗皱紧致,1373.63,2,【双花面膜】志刚哥玫瑰颂齐鲁双花光感发酵面膜滋养修护抗皱紧致 || 【0防腐面膜】志刚哥玫瑰颂齐鲁双花光感发酵面膜滋养修护抗皱紧致-过敏包退
玫瑰颂,4,志刚哥玫瑰颂美白祛斑精华油以油养肤水润保湿280mg*28粒,1349.9,2,【玫瑰颂美白祛斑油】志刚哥玫瑰颂美白祛斑精华油以油养肤水润保湿280mg*28粒 || 【美白祛斑油】志刚哥玫瑰颂美白祛斑精华油以油养肤水润保湿280mg*28粒
玫瑰颂,5,志刚哥玫瑰颂玫瑰胶原悬油次抛精华液保湿抗皱紧致舒缓1.5ml*14支,907.05,1,【活胶原】志刚哥玫瑰颂玫瑰胶原悬油次抛精华液保湿抗皱紧致舒缓1.5ml*14支
玫瑰颂,6,玫瑰颂玫瑰眼部精华油淡纹抗皱紧致眼部淡化皱纹,511.4,1,【拍一发八】玫瑰颂玫瑰眼部精华油淡纹抗皱紧致眼部淡化皱纹5ml
玫瑰颂,7,志刚哥玫瑰颂玫瑰净澈美白祛斑精华液护肤1.5ml*7,426.73,1,【美白祛斑】志刚哥玫瑰颂玫瑰净澈美白祛斑精华液护肤1.5ml*7
玫瑰颂,8,志刚哥玫瑰颂光感御龄美容修饰贵妇膏抗皱紧致,0.0,1,【贵妇膏】志刚哥玫瑰颂光感御龄美容修饰贵妇膏抗皱紧致30g
玫瑰颂,9,志刚哥玫瑰颂玫瑰精油纯露清爽润肤保湿抗皱舒缓紧致300ml,0.0,1,【精油纯露】志刚哥玫瑰颂玫瑰精油纯露清爽润肤保湿抗皱舒缓紧致300ml
玫瑰颂,10,志刚哥玫瑰赋活抗皱精油霜抗皱紧致保湿润泽面部肌肤,0.0,1,【精油面霜】志刚哥玫瑰赋活抗皱精油霜抗皱紧致保湿润泽面部肌肤50g
玫好,1,玫瑰颂玫瑰精油纯露舒缓保湿纯露100ml,1533.6,1,【拍1发3瓶】玫瑰颂玫瑰精油纯露舒缓保湿纯露100ml
梅晔生物科技(上海)有限公司,1,凌博士御凌焕颜紧塑次抛精华液肌因次抛精华全分子量玻尿酸3核糖链抗皱Z7备,7145.37,2,【限时加赠美容仪】凌博士御凌焕颜紧塑次抛精华液肌因次抛精华全分子量玻尿酸3核糖链抗皱Z7备1 || 【限时加赠35g面霜】凌博士御凌焕颜紧塑次抛精华液肌因次抛精华全分子量玻尿酸3核糖链抗皱
梅晔生物科技(上海)有限公司,2,俊小白羟基磷灰石密集修护牙膏,449.73,1,俊小白羟基磷灰石密集修护牙膏
美康粉黛,1,美康粉黛A+美白水感防晒精华乳透气清爽高倍防晒旗舰店学生出游户外,1910.35,2,[八月狂欢季]美康粉黛A+美白水感防晒精华乳透气清爽高倍防晒旗舰店学生出游户外 || [七月狂欢季]美康粉黛A+美白水感防晒精华乳透气清爽高倍防晒旗舰店学生出游户外
美康粉黛,2,美康粉黛A+美白水感防晒精华乳高倍防晒SPF50+PA++++不假白不搓泥,1272.36,2,[八月出游季]美康粉黛A+美白水感防晒精华乳高倍防晒SPF50+PA++++不假白不搓泥 || [七月出游季]美康粉黛A+美白水感防晒精华乳高倍防晒SPF50+PA++++不假白不搓泥
美容家-每妍,1,帅楠 第五代淡皱抚纹紧致眼膜贴 改善眼部细纹深泪沟单品,5651.61,2,帅楠（吕良伟代言）第五代淡皱抚纹紧致眼膜贴 改善眼部细纹深泪沟单品 || 帅楠（吕良伟代言）第五代淡皱抚纹紧致眼膜贴 改善眼部细纹深泪沟大眼袋
美容家-每妍,2,帅楠 第5代抚纹紧致胶原眼膜贴 改善皱纹眼袋眼部细纹泪沟鱼尾纹,1743.44,1,帅楠（吕良伟代言）第5代抚纹紧致胶原眼膜贴 改善皱纹眼袋眼部细纹泪沟鱼尾纹
美容家,1,三重多肽抗皱紧致眼贴 14天真人实测 滋润眼周 淡化细纹,664.15,1,[多肽养肤]三重多肽抗皱紧致眼贴 14天真人实测 滋润眼周 淡化细纹
美尚,1,Colorkey珂拉琪升级版水感柔雾唇露学生显白口红保湿,8368.65,1,【到手四支】Colorkey珂拉琪升级版水感柔雾唇露学生显白口红保湿
美尚,2,Colorkey珂拉琪假日海岛限定水雾唇露不易沾杯唇釉裸色口红女,930.63,3,[爆款推荐]Colorkey珂拉琪假日海岛限定水雾唇露不易沾杯唇釉裸色口红女正品 || [爆品推荐]Colorkey珂拉琪水雾唇露不易沾唇釉裸色口红zb || Colorkey珂拉琪水雾唇露升级不易沾杯唇釉裸色口红db
美尚,3,Colorkey珂拉琪小蓝盾定妆膏2.0控油防水持妆粉饼,0.0,1,[官方正品]Colorkey珂拉琪小蓝盾定妆膏2.0控油防水持妆粉饼
美尚,4,Colorkey珂拉琪小银盾粉底液遮瑕持久不脱妆防水控油,0.0,1,[热卖推荐]Colorkey珂拉琪小银盾粉底液遮瑕持久不脱妆防水控油zb
美尚,5,Colorkey珂拉琪鱼子酱磨皮气垫海岛限定遮瑕粉底持妆,0.0,1,[沈梦辰推荐]Colorkey珂拉琪鱼子酱磨皮气垫海岛限定遮瑕粉底持妆
美尚,6,Colorkey珂拉琪山茶花双玻盈透气垫控油持妆粉底,0.0,1,【官方正品】Colorkey珂拉琪山茶花双玻盈透气垫控油持妆粉底
美尚,7,Colorkey珂拉琪丝绒唇釉显色口红雾面学生女正品欧若风,0.0,1,【官方正品】Colorkey珂拉琪丝绒唇釉显色口红雾面学生女正品欧若风
美尚,8,Colorkey珂拉琪空气丝绒唇釉雾面丝滑口红,0.0,1,Colorkey珂拉琪空气丝绒唇釉雾面丝滑口红【达人专享】
美尚,9,Colorkey珂拉琪新升级双生玫瑰水雾唇露粉彩风,0.0,1,Colorkey珂拉琪新升级双生玫瑰水雾唇露粉彩风DR
秘地,1,秘地小云岛香水自有引力无花果奶檀木质调持久留香女士香水送礼物,5755.67,1,[明星同款 拍1享6]秘地小云岛香水自有引力无花果奶檀木质调持久留香女士香水送礼物
秘地,2,秘地小云岛香水自有引力 无花果奶檀柑橘玫瑰木质香调 男女通用 送礼礼物 | EDP30ml-ZG,4402.56,1,秘地小云岛香水自有引力 无花果奶檀柑橘玫瑰木质香调 男女通用 送礼礼物 | EDP30ml-ZG
木柯诗,1,木柯诗双头唇釉哑光唇泥镜面水光精华显白口红一支四用不易沾杯,1539.33,1,木柯诗双头唇釉哑光唇泥镜面水光精华显白口红一支四用不易沾杯
木柯诗,2,木柯诗爆水唇釉水绒光唇釉水丝绒唇釉裸色显白口红,291.49,1,[夏天新品]木柯诗爆水唇釉水绒光唇釉水丝绒唇釉裸色显白口红
慕可,1,WIS乳糖酸多效面膜软化角质温和无刺激保湿男女护肤,30179.75,3,【明星同款】WIS乳糖酸多效面膜软化角质温和无刺激保湿男女护肤 || 【视频同款】WIS乳糖酸多效面膜软化角质温和无刺激保湿男女护肤 || 【新春好礼】WIS乳糖酸多效面膜软化角质温和无刺激保湿男女护肤可试用可体验
慕可,2,WIS深海精粹弹嫩次抛精华液 紧致抗皱 一次一抛鲜活锁鲜 深层补水,25724.91,2,【官方正品】WIS深海精粹弹嫩次抛精华液 紧致抗皱 一次一抛鲜活锁鲜 深层补水 || WIS深海精粹弹嫩次抛精华液5支 紧致抗皱 一次一抛鲜活锁鲜 深层补水
慕可,3,赫系轻盈洗发水护发素控油去屑蓬松留香五效合一洗护套装,19363.3,6,【洗护套组】赫系轻盈洗发水护发素控油去屑蓬松留香五效合一洗护套装 || 【周年庆巨惠】赫系轻盈洗发水护发素控油去屑蓬松留香五效合一洗护套装 || 赫系轻盈洗发水护发素控油蓬松清爽持久留香洗护套装 || 【爆款推荐】赫系轻盈洗发水护发素控油去屑持久留香洗发水护发素套装 || 【家庭优选】赫系轻盈洗发水控油去屑蓬松五效合一洗发水发膜体验装套装zb || 赫系轻盈洗发水护发素控油去屑持久留香家庭洗护套装m
慕可,4,WIS晶润紧致眼膜保湿抗皱紧致眼膜补水保湿男女护肤,14810.65,9,[杨思琦专属]WIS晶润紧致眼膜保湿抗皱紧致眼膜补水保湿男女护肤 || 【达人专属】WIS晶润紧致眼膜保湿抗皱紧致眼膜补水保湿男女护肤 || 【官方正品】WIS晶润紧致眼膜保湿抗皱紧致眼膜补水保湿男女护肤 || 【杨思琦专属】WIS晶润紧致眼膜保湿抗皱紧致眼膜补水保湿男女护肤 || 【杨思琦专属】WIS晶润紧致眼膜保湿抗皱紧致眼膜补水保湿男女护肤wx || 【专场大促】WIS晶润紧致眼膜保湿抗皱紧致眼膜补水保湿男女护肤 || WIS晶润紧致眼膜保湿抗皱紧致眼膜补水保湿男女护肤db || 【达人专享】WIS晶润紧致眼膜 保湿抗皱紧致  眼膜补水 盈润眼周 保湿熬夜对抗护肤专用 || 【官方正品】WIS晶润紧致眼膜保湿紧致眼周护肤淡纹KOC
慕可,5,WIS肌活蛋白喷雾紧致饱满细腻肌肤锁水焕亮,14586.17,2,【官方正品】WIS肌活蛋白喷雾紧致饱满细腻肌肤锁水焕亮 || 【官方正品】WIS肌活蛋白喷雾紧致饱满细腻肌肤锁水焕亮水润
慕可,6,赫系轻盈洗发水沐浴露护发素控油去屑香氛清爽三锌控油,10834.71,1,【洗护套组】赫系轻盈洗发水沐浴露护发素控油去屑香氛清爽三锌控油
慕可,7,WIS晶润紧致眼膜淡化细纹保湿抗皱弹嫩细腻眼周,9637.31,3,【达人专属】WIS晶润紧致眼膜淡化细纹保湿抗皱 弹嫩细腻眼周 || 【官方正品】WIS晶润紧致眼膜淡化细纹保湿抗皱弹嫩细腻眼周 || 【火牛专属】WIS晶润紧致眼膜淡化细纹保湿抗皱 弹嫩细腻眼周
慕可,8,WIS燕窝胜肽焕润面膜淡化深纹强韧修护保湿温和,8256.72,3,【买一送一】WIS燕窝胜肽焕润面膜淡化深纹强韧修护保湿温和新品尝鲜 || 【明星同款】WIS燕窝胶原肽面膜淡化深纹强韧修护保湿温和新品尝鲜 || 【直播专属】WIS燕窝胜肽焕润面膜淡化深纹强韧修护保湿温和新品
慕可,9,WIS隐形水润保湿舒缓修护面膜持久补水修护,8154.15,8,【官方正品】WIS隐形水润保湿舒缓修护面膜持久补水修护 || 【官方正品】WIS隐形水润保湿舒缓修护面膜持久补水修护wx || 【明星同款】WIS隐形水润保湿舒缓修护面膜持久补水修护 || 【蓉儿专属】WIS隐形水润保湿舒缓修护面膜持久补水修护 || 【官方正品】WIS隐形水润面膜保 湿舒缓修护面膜补水修护男女护肤 || 【官方正品】WIS隐形水润面膜保湿舒缓修护面膜补水修护男女护肤 || WIS隐形水润面膜保湿舒缓修护面膜补水修护男女护肤 || 【官方正品】WIS隐形水润保湿舒缓修护面膜持久补水修护套装db
慕可,10,赫系防脱洗发水防脱丰盈护发蓬松持久留香大容量家庭套装,6819.03,3,【拍下立减10元】赫系防脱洗发水防脱丰盈护发蓬松持久留香大容量家庭套装 || 赫系防脱洗发水防脱丰盈护发蓬松持久留香大容量家庭套装 || 赫系防脱洗发水防脱丰盈护发蓬松持久留香尝鲜装
奈小白,1,{奈小白原创上贴式狐系}持久舒适卷翘上镜还原自然嫁接感免胶假睫毛,5224.13,4,{奈小白原创上贴式狐系}持久舒适卷翘上镜还原自然嫁接感免胶假睫毛 || 【奈小白原创上贴式-灵尾狐】 舒适持久卷翘上镜还原自然嫁接感免胶假睫毛 || 【奈小白原创设计】舒适持久卷翘上镜还原自然嫁接感免胶假睫毛 || {奈小白原创上贴狐系}新手舒适持久卷翘上镜自然嫁接感免胶假睫毛
南雄市阳岚商贸商行(个体工商户),1,Soully晚风茉莉香水50ml高还原茉莉花香水持久留香淡香花香清新,3996.13,1,Soully晚风茉莉香水50ml高还原茉莉花香水持久留香淡香花香清新
欧帝丝,1,假发抓夹式马尾少女梨花卷蓬松温柔抓夹造型哑光逼真自然长发发饰,657.66,1,假发抓夹式马尾少女梨花卷蓬松温柔抓夹造型哑光逼真自然长发发饰
欧莱加,1,欧莱加秋冬玫瑰柔雾不沾杯防水口红显白保湿雾面哑光版,5205.78,2,[官方正品]欧莱加秋冬玫瑰柔雾不沾杯防水口红显白保湿雾面哑光版zb || [官方正品]欧莱加秋冬玫瑰柔雾不沾杯防水口红显白保湿雾面哑光版zb1
欧莱加,2,欧莱加防水不沾杯夏日蚕丝蛋白不掉色柔雾口红,926.74,1,[全新5.0升级]欧莱加防水不沾杯夏日蚕丝蛋白不掉色柔雾口红
欧莱加,3,欧莱加升级款秋冬显白保湿防水雾面哑光版不沾杯口红,690.11,1,欧莱加升级款秋冬显白保湿防水雾面哑光版不沾杯口红
欧莱加,4,欧莱加千人千色滋润保湿淡纹抗皱精华液护唇唇彩,621.51,1,[明星陈莹同款]欧莱加千人千色滋润保湿淡纹抗皱精华液护唇唇彩
欧莱加,5,欧莱加夏日防水蚕丝蛋白柔雾不沾杯不掉色口红,353.33,1,[全新5.0升级]欧莱加夏日防水蚕丝蛋白柔雾不沾杯不掉色口红
欧诗漫,1,欧诗漫美白淡斑面膜熬夜暗黄亮祛斑补水修护4.0正品官方,3051.76,5,欧诗漫美白淡斑面膜熬夜暗黄亮祛斑补水修护4.0正品官方 || 【59周年庆】欧诗漫美白淡斑面膜熬夜暗黄亮淡斑补水4.0官方 || 欧诗漫美白淡斑面膜熬夜暗黄亮淡斑补水4.0官方限定款 || 欧诗漫美白淡斑面膜套组熬夜暗黄亮祛斑补水修护4.0正品官方 || 欧诗漫美白淡斑面膜熬夜暗黄亮祛斑补水修护4.0
欧诗漫,2,欧诗漫珍白因水乳精华面霜美白淡斑官方正品官方,1041.58,2,[加赠眼霜]欧诗漫珍白因水乳精华面霜美白淡斑官方正品官方 || [七夕送礼]欧诗漫珍白因水乳精华面霜美白淡斑官方正品官方dy
欧诗漫,3,欧诗漫美白淡斑精华面膜4.0熬夜暗黄提亮淡斑补水,875.88,1,【达人专属】欧诗漫美白淡斑精华面膜4.0熬夜暗黄提亮淡斑补水koc
欧诗漫,4,欧诗漫珍白因水乳霜套组持证美白淡斑,452.47,1,[买套组送套组]欧诗漫珍白因水乳霜套组持证美白淡斑
欧诗漫,5,欧诗漫凝时御纹眼霜紧塑按摩电动眼霜紧致抗皱官方,369.26,2,欧诗漫凝时御纹眼霜紧塑按摩电动眼霜紧致抗皱官方 || 【达人专属】欧诗漫凝时御纹紧塑按摩紫弹眼霜紧致koc
欧诗漫,6,欧诗漫新品光玛吉时光素次抛淡纹精华液抗皱美白官方,0.0,1,[官方推荐]欧诗漫新品光玛吉时光素次抛淡纹精华液抗皱美白官方dy
欧诗漫,7,欧诗漫深层净透平衡洁面乳 100g/支 深度净透清洁毛孔 清洁保湿不拔干官方,0.0,1,[官方直营]欧诗漫深层净透平衡洁面乳 100g/支 深度净透清洁毛孔 清洁保湿不拔干官方
欧诗漫,8,欧诗漫净透美肌洁颜泡沫珍珠白洁面洗面奶商城,0.0,1,[洁面3支装]欧诗漫净透美肌洁颜泡沫珍珠白洁面洗面奶商城
欧诗漫,9,欧诗漫光玛吉时光素面霜淡纹紧致美白祛斑熟龄肌专研,0.0,1,[抗皱美白]欧诗漫光玛吉时光素面霜淡纹紧致美白祛斑熟龄肌专研
欧诗漫,10,新品上市欧诗漫光玛吉时光素水乳组合美白抗皱官方,0.0,2,[抗皱美白]新品上市欧诗漫光玛吉时光素水乳组合美白抗皱官方dy || [臻选套装]新品上市欧诗漫光玛吉时光素水乳组合美白抗皱官方dy
欧诗韵,1,阳阳正品：黄芪淡纹眼周肌肤紧致眼贴膜眼部精华油套装120片+3只滚珠精华,4648.09,2,[拍一发五] 阳阳正品：黄芪淡纹眼周肌肤紧致眼贴膜眼部精华油套装120片+3只滚珠精华 || [拍一发五] 黄芪淡纹眼周肌肤紧致眼贴膜眼部精华油套装120片+3只滚珠精华：阳阳正品
欧诗韵,2,180片黄芪淡纹眼周肌肤紧致眼贴膜眼部精华油套装：阳阳,1316.7,2,[拍一发三] 180片黄芪淡纹眼周肌肤紧致眼贴膜眼部精华油套装：阳阳正品 || 拍一发五：阳阳初颜黄芪淡纹眼周肌肤紧致眼贴膜眼部精华油套装
起量,1,草安堂洗面奶清洁控油洁颜泡沫男女通用,2379.09,2,【买一送一】草安堂洗面奶清洁控油洁颜泡沫男女通用S || HERCODO/草安堂洗面奶清洁控油洁颜泡沫男女通用ADQ
起量,2,VC官方正品五重维C素颜霜 提亮抗皱保湿隔离自然美颜懒人素颜霜,1861.54,3,VC官方正品五重维C素颜霜 提亮抗皱保湿隔离自然美颜懒人素颜霜MB || VC官方正品五重维C素颜霜 提亮抗皱保湿隔离自然美颜懒人素颜霜SH || VC五重维C素颜霜提亮抗皱保湿隔离自然美颜懒人素颜霜STwxy6
起量,3,VC五重维C美白防晒素颜霜SPF50+ 妆前保湿打底修饰肤色,1189.72,1,VC五重维C美白防晒素颜霜SPF50+ 妆前保湿打底修饰肤色ADQ2
起量,4,VC五重维C素颜霜 提亮抗皱遮瑕隔离自然美颜嫩肤保湿,419.1,1,VC五重维C素颜霜 提亮抗皱遮瑕隔离自然美颜嫩肤保湿adq
起量,5,VC素颜霜五重维C自然美颜面部遮瑕持妆身体抗皱第四代,280.25,1,【赵雅芝专属机制】VC素颜霜五重维C自然美颜面部遮瑕持妆身体抗皱第四代zb2
青岛春亭林文化传媒有限公司,1,双头唇线笔口红防水不沾杯口红+唇线笔哑光一笔两用肉桂奶茶色新手懒人,853.55,1,双头唇线笔口红防水不沾杯口红+唇线笔哑光一笔两用肉桂奶茶色新手懒人
青岛春亭林文化传媒有限公司,2,双头口红唇线笔哑光不沾杯不掉色肉桂色勾勒立体饱满素颜口红唇釉,642.57,2,双头口红唇线笔哑光不沾杯不掉色肉桂色勾勒立体饱满素颜口红唇釉 || 双头唇线哑光不沾杯不掉色肉桂色勾勒立体饱满素颜口红唇釉
青岛春亭林文化传媒有限公司,3,TOUK双头口红唇线笔柔雾哑光一笔两重效不沾杯持久显色唇釉,620.13,1,TOUK双头口红唇线笔柔雾哑光一笔两重效不沾杯持久显色唇釉
青岛春亭林文化传媒有限公司,4,双头口红不沾杯哑光持久显色勾勒立体饱满唇线笔,237.56,1,双头口红不沾杯哑光持久显色勾勒立体饱满唇线笔
青岛市黄岛区澄禾商贸行(个体工商户),1,OULAIJIA/欧莱加三色渐变眼影棒一抹成型持妆防水防汗眼妆懒人必备,3363.67,4,OULAIJIA/欧莱加三色渐变眼影棒一抹成型持妆防水防汗眼妆懒人必备 || OULAIJIA/欧莱加三色渐变眼影棒一抹成型持妆防水防汗眼妆懒人必备1 || OULAIJIA/欧莱加三色渐变眼影棒一抹成型持妆防水防汗眼妆懒人必备4 || 三色渐变眼影棒一抹成型持妆防水防汗眼妆懒人必备
青岛市黄岛区澄禾商贸行(个体工商户),2,三色渐变懒人眼影棒一抹成型珠光细闪哑光显色适合新手,3210.39,2,[一抹成型]三色渐变懒人眼影棒一抹成型珠光细闪哑光显色适合新手 || [一抹成型]三色渐变懒人眼影棒一抹成型珠光细闪哑光显色适合新手1
仁和经销商,1,仁和匠心肝素钠眼霜,3612.4,1,仁和匠心肝素钠眼霜
仁和经销商,2,专属加码福利-淡化干纹细纹 改善熬夜暗沉眼周,1162.52,2,【拍一发五，4支仁和肝素钠眼霜下单赠送小熊化妆箱】专属加码福利-淡化干纹细纹 改善熬夜暗沉眼周 || 【拍一发五，3支仁和肝素钠眼霜下单赠送小熊化妆箱加神秘高端礼品】七夕专属加码福利-淡化干纹细纹 改善熬夜暗沉眼周
仁和经销商,3,仁和肝素钠眼霜淡化眼纹紧致抗皱改善熊猫眼熬夜人群,543.3,1,仁和肝素钠眼霜淡化眼纹紧致抗皱改善熊猫眼熬夜人群
瑞邦日化,1,韩愢01染发膏果染膏单剂无双氧遮盖白发自己在家染头发无需调配,647.89,2,[直播]韩愢01染发膏果染膏单剂无双氧遮盖白发自己在家染头发无需调配 || [直播3盒装]韩愢01染发膏果染膏单剂无双氧遮盖白发自己在家染头发无需调配
瑞邦日化,2,韩愢壹号染发膏染发剂全头局部遮盖白发盖白头发,462.48,1,韩愢壹号染发膏染发剂全头局部遮盖白发盖白头发
瑞邦日化,3,韩愢01染发膏黑松露萃取果染膏单剂无双氧染发膏自己在家轻松遮白梳头便捷补染,343.49,1,韩愢01染发膏黑松露萃取果染膏单剂无双氧染发膏自己在家轻松遮白梳头便捷补染
瑞邦日化,4,韩愢轻染膏染发膏盖白发染发剂补染鬓发染在家轻松染,279.88,1,韩愢轻染膏染发膏盖白发染发剂补染鬓发染在家轻松染
三资堂,1,三资堂睫毛打底膏防水防汗纤长卷翘持久不晕染新手必备,32190.05,9,【明星网红同款】三资堂睫毛打底膏防水防汗纤长卷翘持久不晕染新手必备 || 【网红痞幼同款】三资堂睫毛打底膏防水防汗纤长卷翘持久不晕染新手必备 || 【明星孙怡同款】三资堂睫毛打底膏防水防汗立体卷翘新手小白必备 || 【明星赵荀同款】三资堂睫毛打底膏防水防汗立体卷翘新手小白必备 || 【明星何泓姗同款】三资堂杠铃睫毛膏防水防汗浓密纤长卷翘不晕染新手眼妆必备 || 【明星孙怡同款】三资堂睫毛打底膏防水防汗纤长卷翘持久不晕染打底定型新手必备 || 【明星赵荀同款】三资堂睫毛打底膏防水防汗纤长卷翘持久不晕染打底定型新手必备 || 【三资堂】睫毛打底膏防水防汗纤长卷翘持久DB || 【双支装】三资堂不晕染睫毛打底膏防水防汗通用持久不晕定型新手DB
三资堂,2,三资堂二叉弯头眉笔防水防汗不掉色持妆新手眼妆必备,22801.68,4,【明星罗正推荐】三资堂二叉弯头眉笔防水防汗不掉色持妆新手眼妆必备 || 【明星网红同款】三资堂二叉弯头眉笔防水防汗不掉色持妆新手眼妆必备 || 【网红痞幼同款】三资堂二叉弯头眉笔防水防汗不掉色持妆新手眼妆必备 || 【明星网红同款】三资堂弯头二叉眉笔防水防汗不易掉色持妆新手眼妆必备
三资堂,3,三资堂快遮笔遮瑕液持久轻薄提亮美颜无瑕防水遮盖斑点黑眼圈,12153.76,2,【明星何泓姗同款】三资堂快遮笔遮瑕液持久轻薄提亮美颜无瑕防水遮盖斑点黑眼圈 || [三资堂]快遮笔遮瑕液持久轻薄提亮美颜无瑕防水遮盖斑点黑眼圈DB
三资堂,4,三资堂染眉膏防水防汗持久不掉色柔雾眉新手眼妆必备推荐,3133.02,3,【明星何泓姗同款】三资堂染眉膏防水防汗持久不掉色柔雾眉新手眼妆必备推荐 || 【明星网红同款】三资堂染眉膏防水防汗不掉色持久柔雾眉手残党必备 || 【三资堂】染眉膏防水防汗不掉色持久野生眉新手必备推荐DB
三资堂,5,三资堂杠铃睫毛膏浓密卷翘防水持久纤长不晕染新手必备,2140.42,4,【明星孙怡同款】三资堂杠铃睫毛膏浓密卷翘防水持久纤长不晕染新手必备 || 【明星孙怡同款】三资堂杠铃双头睫毛膏浓密卷翘防水持久纤长不晕染新手化妆必备 || [三资堂]杠铃睫毛膏浓密卷翘防水持久纤长DB2 || 三资堂杠铃睫毛膏浓密卷翘防水持久纤长DB2
三资堂,6,防水防汗不掉色持久推荐正品极细二叉新手必备,520.85,1,【三资堂直头眉笔】防水防汗不掉色持久推荐正品极细二叉新手必备DB
三资堂,7,三资堂有色唇部精华提气色唇色修正淡化唇纹保湿滋润,0.0,4,[摩氏臻选]三资堂有色唇部精华提气色唇色修正淡化唇纹保湿滋润DB || [摩氏臻选X]三资堂有色唇部精华提气色唇色修正淡化唇纹保湿滋润DB || 三资堂有色唇部精华提气色唇色修正淡化唇纹保湿滋润DB || 【明星陈紫函同款】三资堂有色唇部精华提气色淡化唇纹软化死皮保湿滋润
三资堂,8,三资堂碎钻睫毛膏一刷闪爆灵动碎钻感不掉闪不结块,0.0,1,【何泓姗同款】三资堂碎钻睫毛膏一刷闪爆灵动碎钻感不掉闪不结块GC
三资堂,9,防水防汗不晕染液笔极细自然持久新手推荐,0.0,1,【三资堂双头眼线笔】防水防汗不晕染液笔极细自然持久新手推荐
三资堂,10,三资堂双头内外眼线笔防水防汗不晕妆自然持久不脱妆,0.0,3,【新品上市】三资堂双头内外眼线笔防水防汗不晕妆自然持久不脱妆 || 【新品上市】三资堂双头内外眼线笔防水防汗不晕妆自然持久DB || 三资堂双头眼线修正笔防水防汗不晕染液笔极细自然持久DB
厦门VC,1,HERCODO/草安堂洗面奶清洁控油洁颜泡沫男女通用,5677.05,3,HERCODO/草安堂洗面奶清洁控油洁颜泡沫男女通用A2 || HERCODO/草安堂洗面奶清洁控油洁颜泡沫男女通用ADQ || 【买一送一】草安堂洗面奶清洁控油洁颜泡沫男女通用S
厦门VC,2,VC五重维C美白防晒素颜霜SPF50+ 妆前保湿打底修饰肤色,1254.62,1,VC五重维C美白防晒素颜霜SPF50+ 妆前保湿打底修饰肤色ADQ2
厦门VC,3,VC五重维C素颜霜提亮抗皱保湿隔离自然美颜懒人素颜霜,1161.31,2,VC五重维C素颜霜提亮抗皱保湿隔离自然美颜懒人素颜霜STwxy6 || VC官方正品五重维C素颜霜 提亮抗皱保湿隔离自然美颜懒人素颜霜SH
厦门VC,4,洗面奶 男女通用保湿洗面奶烟酰胺净肤,1149.41,1,【明星推荐】洗面奶 男女通用保湿洗面奶烟酰胺净肤A
上海家化,1,佰草集新七白美白透亮大白泥面膜500g大白泥面膜3.0升级版官方正品 持证美白祛斑去角质涂抹泥膜保湿补水,4994.55,5,【暑期美白专享】佰草集新七白美白透亮大白泥面膜500g大白泥面膜3.0升级版官方正品 持证美白祛斑去角质涂抹泥膜保湿补水 || 【周年庆专享】佰草集新七白美白透亮大白泥面膜500g大白泥面膜3.0升级版官方正品 持证美白祛斑去角质涂抹泥膜保湿补水 || [官方正品]佰草集新七白美白透亮白泥面膜500g   大白泥面膜3.0升级版  持证美白祛斑去角质涂抹泥膜 || [官方正品]佰草集新七白美白透亮白泥面膜55g 大白泥面膜3.0升级版  持证美白祛斑去角质涂抹泥膜 || 直播专享[官方正品]佰草集新七白美白透亮白泥面膜500g 大白泥面膜3.0升级版  持证美白祛斑去角质涂抹泥膜
上海家化,2,佰草集新七白凝脂焕亮精华油 抗氧减黄修护保湿紧致舒缓,0.0,1,[官方正品]佰草集新七白凝脂焕亮精华油 抗氧减黄修护保湿紧致舒缓
上海家化,3,佰草集新七白美白透亮面膜,0.0,1,【短视频专属】佰草集新七白美白透亮面膜
上海家化,4,佰草集新七白美白透亮白泥面膜 持证美白祛斑去角质涂抹面膜,0.0,1,【官方正品】佰草集新七白美白透亮白泥面膜 持证美白祛斑去角质涂抹面膜
上海家化,5,618好价[官方正品[佰草集修源五行淡纹精华油 修护保湿舒缓紧致抗皱仙草油,0.0,1,618好价[官方正品[佰草集修源五行淡纹精华油 修护保湿舒缓紧致抗皱仙草油
上海信及豚鱼科技集团有限公司,1,蒂洛薇水晶遮瑕持妆气垫保湿肽持妆防水,3856.49,3,【3.0 保湿肽】蒂洛薇水晶遮瑕持妆气垫保湿肽持妆防水DBt || 【3.0 高遮瑕】蒂洛薇水晶遮瑕持妆气垫保湿肽持妆防水DBt || 【周年好物】Dirovo水晶遮瑕持妆气垫保湿肽持妆防水DBt
上海信及豚鱼科技集团有限公司,2,Dirovo蒂洛薇云雾水散粉控油持久不脱妆DB 支持7天无理由退货,1646.33,3,【3.0 水活肽】Dirovo蒂洛薇云雾水散粉控油持久不脱妆DB 支持7天无理由退货(拆封后不支持) || 【3.0 水活肽】Dirovo蒂洛薇云雾触感水散粉控油持久不脱妆DB || 蒂洛薇持妆云雾水散粉控油保湿DB  支持7天无理由退货(拆封后不支持)
上海信及豚鱼科技集团有限公司,3,蒂洛薇恒瓷沁润保湿粉膏持妆遮瑕替换芯dbt 支持7天无理由,630.35,2,【3.0 保湿肽】蒂洛薇恒瓷沁润保湿粉膏持妆遮瑕替换芯dbt  支持7天无理由（不可拆封） || 【限时礼赠】蒂洛薇恒瓷沁润保湿粉膏持妆遮瑕旅行装dbt  支持7天无理由退货(拆封后不支持)
上海垣酷贸易有限公司,1,黛莱皙蜂皇浆胶原抗皱保湿精华水七夕节送礼猫七七,848.03,2,[到手4瓶]黛莱皙蜂皇浆胶原抗皱保湿精华水七夕节送礼猫七七 || [到手4瓶]黛莱皙猫七七蜂皇浆胶原抗皱保湿精华水送礼Y
上海垣酷贸易有限公司,2,黛莱皙美白防晒精华霜防晒霜猫七七阿姨推荐正品美白肌肤SPF50+PA++++,307.65,1,[到手2支]黛莱皙美白防晒精华霜防晒霜猫七七阿姨推荐正品美白肌肤SPF50+PA++++
诗馨语,1,诗馨语黑眼圈遮瑕膏遮黑眼圈斑点瑕疵法令纹泪沟痘印自然服帖不脱妆不卡粉适用干油皮二,15212.71,8,【官方旗舰】诗馨语黑眼圈遮瑕膏遮黑眼圈斑点瑕疵法令纹泪沟痘印自然服帖不脱妆不卡粉适用干油皮二 || 【官方旗舰】诗馨语黑眼圈遮瑕膏遮黑眼圈斑点瑕疵法令纹泪沟痘印自然服帖不脱妆新手推荐干油皮 || 诗馨语黑眼圈遮瑕膏遮黑眼圈斑点法令纹泪沟痘印自然服帖不卡粉不脱妆干油皮 || 诗馨语黑眼圈双色遮瑕膏遮黑眼圈斑点瑕疵法令纹泪沟痘印不脱妆不卡粉新手推荐干油皮自然服帖 || 【官方旗舰】诗馨语黑眼圈遮瑕膏遮黑眼圈斑点法令纹泪沟痘印自然服帖不脱妆干油皮 || 【官方旗舰】诗馨语黑眼圈遮瑕膏遮黑眼圈斑点法令纹泪沟痘印自然服帖不脱妆干油皮一 || 【官方正品】诗馨语黑眼圈遮瑕膏遮黑眼圈斑点瑕疵法令纹泪沟痘印不脱妆不卡粉新手推荐干油皮自然服帖 || 【官方旗舰】诗馨语黑眼圈遮瑕膏遮黑眼圈斑点瑕疵法令纹泪沟痘印自然服帖不脱妆新手推荐干油皮二
诗馨语,2,诗馨语液体修容棒哑光高光阴影腮红提亮面部凹陷鼻影眼影侧影自然服帖不卡粉不脱妆,1708.54,4,诗馨语液体修容棒哑光高光阴影腮红提亮面部凹陷鼻影眼影侧影自然服帖不卡粉不脱妆 || 【官方正品】诗馨语液体修容棒哑光高光阴影腮红提亮面部凹陷不卡粉不脱妆鼻影眼影侧影服帖 || 诗馨语液体修容棒哑光高光阴影腮红提亮面部凹陷不卡粉不脱妆鼻影眼影侧影自然服帖不卡粉新手推荐 || 【官方旗舰】诗馨语液体修容棒哑光高光阴影腮红提亮面部凹陷鼻影眼影侧影服帖不卡粉不脱妆
拾伍,1,梵芙尼活胶原抗皱紧致冻干絮+活胶原抗皱紧致焕能液,27591.92,1,【阳阳-活胶原】（正装四套共24瓶）梵芙尼活胶原抗皱紧致冻干絮+活胶原抗皱紧致焕能液
拾伍,2,3盒水光+仪器,24641.23,3,【.复合肽水光焕能液】3盒水光+仪器 || 【复合肽水光焕能液】3盒水光+仪器 || 【.复合肽水光焕能液】3盒水光+仪器一台
拾伍,3,水光三盒+仪器一台,18038.79,3,【复合肽水光焕能液】水光三盒+仪器一台 || 【复合肽水光焕能液】水光三盒+水光仪一台 || 【复合肽水光焕能液】水光3盒+仪器1台
拾伍,4,童颜 三盒,3379.94,1,【童颜赋能素.】童颜 三盒
拾伍,5,胶原皱纹贴.,786.06,2,胶原皱纹贴. || 胶原皱纹贴
拾伍,6,四大金刚 七夕水光大礼包32件套,712.78,1,【七夕专享】四大金刚（全家福）七夕水光大礼包32件套
拾伍,7,童颜赋能素 3盒,257.43,1,【童颜贻贝】童颜赋能素 3盒
拾伍,8,复合肽水光焕能液 去黄提亮 改善暗沉+高压透皮水光仪,0.0,1,【七夕专享】复合肽水光焕能液 去黄提亮 改善暗沉+高压透皮水光仪
素说美丽,1,素说美丽SUSHUO多重重组胶原蛋白塑颜紧致眼膜,2164.58,2,素说美丽SUSHUO多重重组胶原蛋白塑颜紧致眼膜48 || SUSHUO多重重组胶原塑颜紧致眼膜 到手48对
听研,1,听研韧带提拉抗皱科技绷带面膜2.0,1339.76,1,【限量加赠胶原炮】听研韧带提拉抗皱科技绷带面膜2.0 z
听研,2,听研提拉抗皱冰敷绷带面膜,865.03,2,【加赠胶原炮】听研提拉抗皱冰敷绷带面膜 z || 【加赠新升级三代胶原炮】听研提拉抗皱冰敷绷带面膜 z
听研,3,听研抗皱乳霜绷带面膜升级版3.0z,532.17,1,【加赠3.0升级胶原炮】听研抗皱乳霜绷带面膜升级版3.0z
透之谜,1,透之谜美白补水保湿光彩透白素颜霜,8942.58,1,透之谜美白补水保湿光彩透白素颜霜
丸美,1,丸美重组胶原蛋白抗皱紧致眼膜淡纹修护舒缓滋润#,24161.9,4,[淡化泪沟纹]丸美重组胶原蛋白抗皱紧致眼膜淡纹修护舒缓滋润# || [品牌周年庆典福利]丸美重组胶原蛋白抗皱紧致眼膜# || [淡泪沟眼纹]丸美重组胶原蛋白抗皱紧致眼膜 淡纹修护舒缓滋润 七夕礼物# || [下单送蔡徐坤周边]丸美重组胶原蛋白抗皱紧致眼膜&小红笔眼霜4.0 淡纹修护舒缓滋润 拍下享专属周边#
丸美,2,丸美S肽小红笔眼霜 多重胜肽全脸紧致淡纹焕亮眼霜30g#,1755.81,1,[美容仪眼霜]丸美S肽小红笔眼霜 多重胜肽全脸紧致淡纹焕亮眼霜30g#
丸美,3,丸美蔡徐坤同款多重胜肽小红笔4.0眼霜30g+胜肽小红笔眼膜70片/盒 效果翻倍,1082.5,1,[七夕礼物]丸美蔡徐坤同款多重胜肽小红笔4.0眼霜30g+胜肽小红笔眼膜70片/盒 效果翻倍
丸美,4,丸美重组胶原蛋白抗皱紧致眼膜&小红笔眼霜4.0 淡纹修护舒缓滋润 拍下享专属周边七夕礼物#,897.52,2,[淡泪沟眼纹]丸美重组胶原蛋白抗皱紧致眼膜&小红笔眼霜4.0 淡纹修护舒缓滋润 拍下享专属周边七夕礼物# || [下单送蔡徐坤周边]丸美重组胶原蛋白抗皱紧致眼膜&小红笔眼霜4.0 淡纹修护舒缓滋润 拍下享专属周边七夕礼物#
丸美,5,丸美蔡徐坤同款小红笔多重胜肽4.0眼霜30g+眼膜70片 紧致淡纹 眼部,299.37,1,[中秋好礼]丸美蔡徐坤同款小红笔多重胜肽4.0眼霜30g+眼膜70片 紧致淡纹 眼部CP
丸美,6,丸美新版本多重胜肽紧致淡纹嘭弹眼霜#,0.0,1,[520礼物]丸美新版本多重胜肽紧致淡纹嘭弹眼霜#
完美日记,1,完美日记第三代仿生膜精华口红滋润质地双支套组 滋润高显色 妆养一体,6345.56,4,【滋润双支立减】完美日记第三代仿生膜精华口红滋润质地双支套组 滋润高显色 妆养一体 || 【下单送包】完美日记第三代仿生膜精华口红 哑光滋润双质地套组 滋润显白提气色 礼物推荐 || 【下单送新包】完美日记第三代仿生膜精华口红 哑光滋润双质地套组 滋润显白提气色 礼物推荐 || 【哑光+滋润】完美日记第三代仿生膜精华口红 哑光滋润双质地套组随心搭配 滋润淡纹亮唇色 妆养一体出游推荐
完美日记,2,完美日记仿生膜精华水光唇釉哑光唇釉 新色春夏 提气色通勤约会,6053.92,3,【到手3支】完美日记仿生膜精华水光唇釉哑光唇釉  新色春夏 提气色通勤约会 || 【到手3支】完美日记仿生膜精华水光唇釉 哑光唇釉 新品新色 显色显白提气色 通勤约会 || 【张予曦同款】完美日记仿生膜精华水光唇釉 哑光唇釉 新品新色 显色显白提气色 通勤约会
完美日记,3,完美日记小蓝锁精华防晒蜜粉饼 精华定妆补妆提亮防晒 多效合一,5225.14,6,【定妆补防晒】完美日记小蓝锁精华防晒蜜粉饼 精华定妆补妆提亮防晒 多效合一 || 【防晒粉饼上新】完美日记小蓝锁精华防晒蜜粉饼 精华定妆补妆提亮防晒 多效合一 || 【新品首发】完美日记小蓝锁精华防晒蜜粉饼 精华定妆补妆提亮防晒 多效合一 || 【张予曦同款】完美日记小蓝锁精华防晒蜜粉饼 精华定妆补妆提亮防晒 多效合一 || 【防晒粉饼上新】完美日记小蓝锁精华防晒蜜粉饼 精华定妆补妆防晒 多效合一 自然提亮 || 【高倍防晒SPF50】完美日记小蓝锁精华防晒蜜粉饼 定妆补防晒 控油锁妆
完美日记,4,完美日记第三代仿生膜精华滋润口红 仿生膜哑光口红 明星同款 淡纹亮唇色新色 送礼推荐,4928.59,5,【买大送小】完美日记第三代仿生膜精华滋润口红 仿生膜哑光口红 明星同款 淡纹亮唇色新色 送礼推荐 || 【现在送润唇精华】完美日记第三代仿生膜精华滋润口红 哑光口红 淡唇纹显白提气色新色 礼物推荐 || 【一支也送包】完美日记第三代仿生膜精华滋润口红 哑光口红 淡唇纹显白提气色新色 礼物推荐 || 【买大送小】完美日记第三代仿生膜精华滋润口红 仿生膜哑光口红 明星同款 淡纹亮唇色新色 礼物推荐 || 【全新升级】完美日记第三代仿生膜精华口红 明星同款滋润淡纹亮唇色 显白百搭新色 送礼推荐
完美日记,5,完美日记三色眼影棒 一笔成妆 眼影卧蚕高光 三色丝滑持妆 新手友好,3599.83,2,【1笔成妆】完美日记三色眼影棒 一笔成妆 眼影卧蚕高光 三色丝滑持妆 新手友好 || 【1笔画眼影】完美日记三色眼影棒 一笔成妆 眼影卧蚕高光 精华入妆丝滑持妆
完美日记,6,完美日记精华蜜粉饼常规版 蓝色提亮粉色修黄 小蓝锁专利 控油定妆持妆,961.32,2,【粉色修黄好气色】完美日记精华蜜粉饼常规版 蓝色提亮粉色修黄 小蓝锁专利 控油定妆持妆 || 【控油不脱妆】完美日记精华蜜粉饼 小蓝锁专利 控油定妆持妆 自然提亮
完美日记,7,完美日记第三代仿生膜精华持色水光唇釉 水光透亮显白 约会聚会通勤,947.59,2,【水光单支】完美日记第三代仿生膜精华持色水光唇釉 水光透亮显白 约会聚会通勤 || 【夏日新色】完美日记第三代仿生膜精华持色水光唇釉 水光透亮显白 约会聚会通勤
完美日记,8,完美日记精华水润素颜霜 3分钟快速出门 自然透亮好气色,614.37,1,【买一送一】 完美日记精华水润素颜霜 3分钟快速出门 自然透亮好气色
完美日记,9,完美日记仿生膜精华唇釉 春夏新色 高级柔雾 显白提气色新品,318.75,2,【双支套组】完美日记仿生膜精华唇釉  春夏新色 高级柔雾 显白提气色新品 || 【显白提气色】完美日记仿生膜精华唇釉 春夏新色 柔雾质地百搭素颜显白
完美日记,10,完美日记剔透柔雾控油散粉持妆版 持久定妆 专利小蓝锁,0.0,1,【持妆升级】完美日记剔透柔雾控油散粉持妆版 持久定妆 专利小蓝锁
薇诺娜,1,薇诺娜舒敏保湿特护面膜畅销款,1903.24,1,[直播专属]薇诺娜舒敏保湿特护面膜畅销款
薇诺娜,2,薇诺娜修白水乳双支装 2周弹嫩紧致12倍健康透白,1546.93,3,[嘭弹焕亮]薇诺娜修白水乳双支装  2周弹嫩紧致12倍健康透白 || [直播专属]薇诺娜修白水乳双支装  2周弹嫩紧致12倍健康透白 || [七夕礼遇 祛斑美白]薇诺娜修白水乳七夕礼盒 2周弹嫩紧致 12倍健康透白
薇诺娜,3,薇诺娜特护水霜精华满分套组,1337.92,2,[直播专属]薇诺娜特护水霜精华满分套组 || [重磅新品 3.0上市]薇诺娜特护水霜精华满分套组
薇诺娜,4,薇诺娜特护神奇水120ml 舒缓褪红 修护干痒暗沉粗糙,807.43,1,[重磅新品]薇诺娜特护神奇水120ml 舒缓褪红 修护干痒暗沉粗糙
薇诺娜,5,薇诺娜50g屏障特护霜,518.61,1,[屏障修护系列]薇诺娜50g屏障特护霜
薇诺娜,6,薇诺娜玻尿酸修护面膜6盒装 一次性到手40片,362.17,1,[直播专属]薇诺娜玻尿酸修护面膜6盒装 一次性到手40片
薇诺娜,7,薇诺娜特护霜双支装 直播专享囤货大套组 七夕好礼,307.12,1,[舒缓修护]薇诺娜特护霜双支装 直播专享囤货大套组 七夕好礼
薇诺娜,8,薇诺娜75g光透焕亮修护乳液,279.49,1,[光透皙白系列]薇诺娜75g光透焕亮修护乳液
薇诺娜,9,薇诺娜120ml屏障修护保湿水,252.57,1,[屏障修护系列]薇诺娜120ml屏障修护保湿水
仙花秀,1,Sinhosoo仙花秀黄金鱼子盈润透亮面贴膜升级版2.0熬夜焕亮保湿,2382.69,5,Sinhosoo仙花秀黄金鱼子盈润透亮面贴膜升级版2.0熬夜焕亮保湿A1 || Sinhosoo仙花秀黄金鱼子盈润透亮面贴膜升级版2.0熬夜焕亮保湿A9 || Sinhosoo仙花秀黄金鱼子盈润透亮面贴膜升级版2.0熬夜焕亮保湿QY || Sinhosoo仙花秀黄金鱼子盈润透亮面贴膜升级版2.0熬夜焕亮保湿QY1 || Sinhosoo仙花秀黄金鱼子盈润透亮面贴膜升级版2.0熬夜焕亮保湿X9
仙花秀,2,Sinhosoo仙花秀可可香氛香水滋润沐浴露保湿持久留香细腻丝滑,1952.75,5,Sinhosoo仙花秀可可香氛香水滋润沐浴露保湿持久留香细腻丝滑 || Sinhosoo仙花秀可可香氛香水滋润沐浴露保湿持久留香细腻丝滑Q2 || Sinhosoo仙花秀可可香氛香水滋润沐浴露保湿持久留香细腻丝滑Q4 || Sinhosoo仙花秀可可香氛香水滋润沐浴露保湿持久留香细腻丝滑QY3 || Sinhosoo仙花秀可可香氛香水滋润沐浴露保湿持久留香细腻丝滑QY7
仙花秀,3,Sinhosoo仙花秀可可香氛氨基酸护发洗发乳留香柔顺丝滑洗发水,1686.36,2,Sinhosoo仙花秀可可香氛氨基酸护发洗发乳留香柔顺丝滑洗发水Q3 || Sinhosoo仙花秀可可香氛氨基酸护发洗发乳留香柔顺丝滑洗发水QY5
仙花秀,4,仙花秀可可香氛氨基酸洗发水控油去屑蓬松留香升级版洗护套装,333.81,1,仙花秀可可香氛氨基酸洗发水控油去屑蓬松留香升级版洗护套装0516
向日花,1,向日花柔焦毛孔隐形乳控油持妆隔离霜服帖底妆修饰隐形毛孔妆前乳,712.67,1,向日花柔焦毛孔隐形乳控油持妆隔离霜服帖底妆修饰隐形毛孔妆前乳z
萧山玖朗,1,二叉水眉笔持久耐汗不晕染立体野生眉速干耐蹭,560.29,1,二叉水眉笔持久耐汗不晕染立体野生眉速干耐蹭1
小奥汀,1,小奥汀双头塑形眉笔精准勾勒妈生眉根根分明防水持妆新手适用,2156.12,2,[官方现货]小奥汀双头塑形眉笔精准勾勒妈生眉根根分明防水持妆新手适用 || [王玉雯同款热卖]小奥汀双头塑形眉笔精准勾勒妈生眉根根分明防水持妆新手适用
小奥汀,2,小奥汀玩色多用棒粉彩风腮红口红修容眼影显白,1909.51,1,【官方现货】小奥汀玩色多用棒粉彩风腮红口红修容眼影显白
小奥汀,3,小奥汀 双质高光盘提亮肤色水润细腻遮盖斑点泪沟,1038.69,1,【官方热卖】小奥汀[彩蛋]双质高光盘提亮肤色水润细腻遮盖斑点泪沟
小奥汀,4,小奥汀双头塑形眉笔防晕染精准勾勒精细定型自然眉型,341.45,1,[视频专享]小奥汀双头塑形眉笔防晕染精准勾勒精细定型自然眉型
小树美,1,小树美素颜霜玻色因焕亮精华素颜霜遮瑕提亮养肤自然美颜,5313.69,2,[买一送一]小树美素颜霜玻色因焕亮精华素颜霜遮瑕提亮养肤自然美颜 || [新品上新]小树美素颜霜玻色因焕亮精华素颜霜遮瑕提亮养肤自然美颜
心愿先生,1,桃桃乐轻亚裔心愿先生免胶假睫毛新手友好单簇上眼,1416.02,1,【新品！猫系LB翘】桃桃乐轻亚裔心愿先生免胶假睫毛新手友好单簇上眼
心愿先生,2,微斜飞小糖豆心愿先生免胶假睫毛自然款不压眼,1072.6,1,【新品！创新LC翘】微斜飞小糖豆心愿先生免胶假睫毛自然款不压眼
心愿先生,3,短绒素颜精致原生感两步上眼心愿先生免胶胶水款睫毛2026年新款,414.74,1,【短款素颜睫假睫毛】短绒素颜精致原生感两步上眼心愿先生免胶胶水款睫毛2026年新款
星禾,1,海洋至尊多效精华喷雾男士夏季控油补水保湿舒缓爽肤水,3472.11,2,【欧豪同款】海洋至尊多效精华喷雾男士夏季控油补水保湿舒缓爽肤水 || 【七夕礼遇】海洋至尊多效精华喷雾男士夏季控油补水保湿舒缓爽肤水
星禾,2,海洋至尊三棱镜洗面奶夏季男士长效控油祛痘去黑头,562.76,1,【欧豪同款】海洋至尊三棱镜洗面奶夏季男士长效控油祛痘去黑头
星禾,3,海洋至尊男士专用长效控油洗面奶去油控痘去黑头洗脸洁面,493.2,1,【欧豪同款】海洋至尊男士专用长效控油洗面奶去油控痘去黑头洗脸洁面
雪玲妃,1,雪玲妃大绿泥控油洗面奶祛痘深层清洁毛孔祛黑头学生,561.36,1,[500g大容量]雪玲妃大绿泥控油洗面奶祛痘深层清洁毛孔祛黑头学生
雪玲妃,2,雪玲妃收缩毛孔长效控油洗面奶500ML深层清洁保湿黑头粉刺男女,308.39,1,[1瓶顶5瓶]雪玲妃收缩毛孔长效控油洗面奶500ML深层清洁保湿黑头粉刺男女
雅丽洁,1,Yalget雅丽洁美白防晒霜,875.64,2,【官方专属】Yalget雅丽洁美白防晒霜40ml || 【官方专属】Yalget雅丽洁美白防晒乳40ml
雅丽洁,2,雅丽洁美白防晒乳SPF50+pa+++防紫外线防晒,757.99,1,【官方专属】雅丽洁美白防晒乳SPF50+pa+++防紫外线防晒
雅丽洁,3,雅丽洁美白面部防晒乳pa+++40ml,729.4,1,【直播专享】雅丽洁美白面部防晒乳pa+++40ml
雅丽洁,4,美白防晒乳2.0版雅丽洁水感倍护美白防晒乳,295.34,1,【直播专享】美白防晒乳2.0版雅丽洁水感倍护美白防晒乳40ml
一人公司,1,双头唇线笔/唇笔,984.91,1,双头唇线笔/唇笔
一人公司,2,染发笔/染发产品,248.82,1,染发笔/染发产品
一只柚,1,一只柚一步甲油胶2026新款猫眼胶指甲油正品爆款,324.77,1,[拍即送灯]一只柚一步甲油胶2026新款猫眼胶指甲油正品爆款
奕沃,1,eiio水光面膜深层补水抗皱紧致保湿修护养透亮,2773.13,2,【徐艺洋小鱼海棠推荐】eiio水光面膜深层补水抗皱紧致保湿修护养透亮 || eiio水光面膜深层补水抗皱紧致保湿修护养肤透亮
盈川,1,三色渐变懒人眼影棒一抹成型珠光细闪哑光显色适合新手,1002.85,2,[一抹成型]三色渐变懒人眼影棒一抹成型珠光细闪哑光显色适合新手 || [一抹成型]三色渐变懒人眼影棒一抹成型珠光细闪哑光显色适合新手1
盈川,2,三色渐变眼影棒一抹成型持妆防水防汗眼妆懒人必备,320.37,1,三色渐变眼影棒一抹成型持妆防水防汗眼妆懒人必备
悠宜生物科技(江苏)有限公司苏州分公司,1,unny粉底液遮瑕持久不脱妆干皮油皮控油混油皮保湿滋润防水正品女,415.51,1,unny粉底液遮瑕持久不脱妆干皮油皮控油混油皮保湿滋润防水正品女
羽素,1,羽素胶态硫祛痘精华小蓝盾舒缓沁润祛痘修护学生党救急快速瘪痘,4143.09,5,[陈梦推荐 国补价]羽素胶态硫祛痘精华小蓝盾舒缓沁润祛痘修护学生党救急快速瘪痘D || [陈梦推荐]羽素胶态硫祛痘精华小蓝盾舒缓沁润祛痘修护学生党救急快速瘪痘 || [陈梦推荐]羽素胶态硫祛痘精华小蓝盾舒缓沁润祛痘修护学生党救急快速瘪痘B || [陈梦推荐]羽素胶态硫祛痘精华小蓝盾舒缓沁润祛痘修护学生党救急快速瘪痘D || [王昶同款]羽素胶态硫祛痘精华小蓝盾舒缓沁润祛痘修护学生党救急快速瘪痘W
羽素,2,羽素去闭口水湿敷控油细毛孔控油祛黑头白头粉刺酶肽,1168.43,1,羽素去闭口水湿敷控油细毛孔控油祛黑头白头粉刺酶肽A
御家汇,1,御泥坊东方黑参胶原棒 抗皱紧致滋养次抛精华液,1417.92,1,【加赠胶原炮】御泥坊东方黑参胶原棒 抗皱紧致滋养次抛精华液
御家汇,2,御泥坊东方黑参超参棒2.0+无瑕美白棒抗皱紧致美白祛斑次抛精华液,600.19,1,【加赠胶原炮】御泥坊东方黑参超参棒2.0+无瑕美白棒抗皱紧致美白祛斑次抛精华液
原生密码,1,原生密码微分子技术美白童颜抗老面膜,4689.52,5,【官方旗舰·美白抗皱】原生密码微分子技术美白童颜抗老面膜 || 【官方旗舰·美白童颜面膜】原生密码微分子技术美白童颜抗老面膜 || 【官方旗舰·美白抗老】加强版原生密码微分子技术美白童颜胶原炮面膜 || 【丹总力荐·抗皱紧致】原生密码微分子技术胶原炮抗老面膜 || 【丹总童颜面膜】原生密码微分子技术童颜抗老面膜
原生密码,2,原生密码胶原炮面膜微分子抗老淡纹紧致胶原炮面膜,3128.84,2,【白鹭精选·胶原炮】原生密码胶原炮面膜微分子抗老淡纹紧致胶原炮面膜 || 【官方旗舰】原生密码胶原炮面膜微分子抗老淡纹紧致胶原炮面膜
原生密码,3,原生密码胶原炮面膜抗皱紧致淡纹微分子护理膜明星同款,948.07,1,[官方旗舰·美白抗皱祛斑]原生密码胶原炮面膜抗皱紧致淡纹微分子护理膜明星同款
原生密码,4,原生密码肌底抗老防晒霜防晒防紫外线老化滋润亮白夏季,354.16,1,原生密码肌底抗老防晒霜防晒防紫外线老化滋润亮白夏季
原生密码,5,原生密码微分子精华抗皱紧提拉淡纹胶原炮面膜礼盒,283.39,1,【官方旗舰·明星同款】原生密码微分子精华抗皱紧提拉淡纹胶原炮面膜礼盒
原生密码,6,原生密码童颜胶原炮面膜,270.11,1,【白鹭精选·持证上岗】原生密码童颜胶原炮面膜
云奇,1,仁和匠心肝素钠眼霜,14353.77,1,仁和匠心肝素钠眼霜
造物者,1,造物者极地奢养抛光面膜去黑头控油提亮清洁补水注氧温泉酸紧致嫩肤涂抹面膜,5322.79,4,[买正装送正装]造物者极地奢养抛光面膜去黑头控油提亮清洁补水注氧温泉酸紧致嫩肤涂抹面膜 || 【买正装送正装】造物者极地奢养抛光面膜去黑头控油提亮清洁补水注氧温泉酸紧致嫩肤涂抹面膜 || [限时拍下立减100]造物者极地奢养抛光面膜去黑头控油清洁补水注氧紧致嫩肤涂抹面膜 || 【限时拍下立减100】造物者极地奢养抛光面膜去黑头控油清洁补水注氧紧致嫩肤涂抹面膜
造物者,2,造物者软膜红山茶蚕丝精华套装紧致抗皱提亮细腻毛孔修护补水保湿涂抹面膜,2906.38,2,[明星何泓姗同款]造物者软膜红山茶蚕丝精华套装紧致抗皱提亮细腻毛孔修护补水保湿涂抹面膜 || 【明星何泓姗同款】造物者软膜红山茶蚕丝精华套装紧致抗皱提亮细腻毛孔修护补水保湿涂抹面膜
造物者,3,造物者冰川净颜泥膜清洁细毛孔去黑头闭口粉刺提亮控油,2291.48,1,【重磅新品】造物者冰川净颜泥膜清洁细毛孔去黑头闭口粉刺提亮控油
造物者,4,明星同款 造物者红山茶软膜套装紧致淡纹提亮收缩毛孔 淡化鱼尾纹法令纹 改善肌肤状态,1658.94,2,[拍下立减100]明星同款 造物者红山茶软膜套装紧致淡纹提亮收缩毛孔 淡化鱼尾纹法令纹 改善肌肤状态 || 【拍下立减100】明星同款 造物者红山茶软膜套装紧致淡纹提亮收缩毛孔 淡化鱼尾纹法令纹 改善肌肤状态
造物者,5,造物者胶原肽紧塑淡纹眼膜套盒 淡化眼纹 重塑眼周 改善黑眼圈 紧致抗皱,1056.34,2,[明星同款]造物者胶原肽紧塑淡纹眼膜套盒 淡化眼纹 重塑眼周 改善黑眼圈 紧致抗皱 || 【明星同款】造物者胶原肽紧塑淡纹眼膜套盒 淡化眼纹 重塑眼周 改善黑眼圈 紧致抗皱
造物者,6,造物者红山茶蚕丝精华面膜套装紧致淡纹 多肽,1016.35,2,[回购专享]造物者红山茶蚕丝精华面膜套装紧致淡纹 多肽 || [明星陈紫函推荐]造物者红山茶蚕丝精华面膜套装紧致淡纹收缩毛孔抗皱提亮
绽妍,1,绽妍重组贻贝粘蛋白速修面膜,2136.27,1,绽妍重组贻贝粘蛋白速修面膜
绽妍,2,绽妍三重蛋白面膜,1116.6,2,绽妍三重蛋白面膜 || [达人专属]绽妍三重蛋白面膜全新升级2.0版本 10min褪红 28天减少反复敏感
绽妍,3,氨甲环酸臻萃精华液,954.91,2,氨甲环酸臻萃精华液 || 绽妍5%高浓度氨甲环酸臻萃精华液｜改善肌肤光泽·光润透亮·保湿舒缓·水感质地·温和易吸收
绽妍,4,传明酸美白面膜,537.41,1,传明酸美白面膜
绽妍,5,绽妍纯物理美白防晒 光感亮白防晒霜50g 高倍隔离防水防汗清爽 敏感肌可用,0.0,2,[达人同款]绽妍纯物理美白防晒 光感亮白防晒霜50g 高倍隔离防水防汗清爽 敏感肌可用 || [达人专属]绽妍纯物理美白防晒 光感亮白防晒霜50g 高倍隔离防水防汗清爽 敏感肌可用
绽妍,6,绽妍三重蓝铜胜肽精华次抛不挑肤质敏肌不刺激敏感肌红干痒换季,0.0,2,[达人专属]绽妍三重蓝铜胜肽精华次抛不挑肤质敏肌不刺激敏感肌红干痒换季 || 【达人专属】绽妍三重蓝铜胜肽精华次抛 不挑肤质敏肌不刺激 敏感肌红干痒
绽妍,7,绽妍传明酸美白祛斑面膜 国妆持证 美白祛斑 透亮肌肤 补水修护 敏感肌可用,0.0,1,[香香专属]绽妍传明酸美白祛斑面膜 国妆持证 美白祛斑 透亮肌肤 补水修护 敏感肌可用
浙江汇都化妆品有限公司,1,毛戈平光感美肌无痕粉膏粉底液7.5g*2遮瑕持妆通勤妆,1123.14,1,毛戈平光感美肌无痕粉膏粉底液7.5g*2遮瑕持妆通勤妆
浙江罗小曼化妆品有限责任公司,1,罗小曼迷雾派对双头唇釉 04末日岛屿裸色水光哑光口红,255.67,1,【双支】罗小曼迷雾派对双头唇釉 04末日岛屿裸色水光哑光口红
植卡美,1,植卡美酵母轻柔洁面乳 | 深层清洁 | 清爽去油不拔干 还你轻透肌,741.77,1,植卡美酵母轻柔洁面乳 | 深层清洁 | 清爽去油不拔干 还你轻透肌
植卡美,2,植卡美二代磨皮水 酵母冻龄 亮到发光,526.15,1,植卡美二代磨皮水  酵母冻龄  亮到发光
植卡美,3,植卡美焕采精华霜 专研十肽 抗皱维稳 冰淇淋质地 轻薄好吸收,424.72,1,植卡美焕采精华霜 专研十肽  抗皱维稳 冰淇淋质地 轻薄好吸收
植卡美,4,植卡美水光莹润精华面膜 | 快速补水 饱满嘭弹 在家就能享受水光灌肤,293.15,1,植卡美水光莹润精华面膜 | 快速补水  饱满嘭弹 在家就能享受水光灌肤
植卡美,5,植卡美二代精华水 | 抗皱提亮 | 保湿滋润控油,255.98,1,植卡美二代精华水 | 抗皱提亮 | 保湿滋润控油
植卡美,6,植卡美空气感防晒霜 | 高倍防晒 | 不惧骄阳 | 轻薄不搓泥 自然不假白,242.92,1,植卡美空气感防晒霜 | 高倍防晒 | 不惧骄阳 | 轻薄不搓泥  自然不假白
植卡美,7,植卡美焕采莹润二代精华水 | 控油 | 提亮 | 维稳,238.56,1,植卡美焕采莹润二代精华水 | 控油 | 提亮 | 维稳
朱莉欧,1,重磅升级 遮瑕提亮自然不假白防水防汗不脱妆,2744.76,2,重磅升级[朱莉欧美白素颜霜]遮瑕提亮自然不假白防水防汗不脱妆 || 【七夕专享 买一送一】朱莉欧美白素颜霜遮瑕提亮自然不假白防水防汗不脱妆
朱莉欧,2,重磅升级崔奕推荐朱莉欧美白素颜霜控油夏日防水防汗不脱妆抗皱遮瑕自然不假白,2128.01,3,[拍1发2]重磅升级崔奕推荐朱莉欧美白素颜霜控油夏日防水防汗不脱妆抗皱遮瑕自然不假白 || [拍1发2]崔奕推荐朱莉欧美肤素颜霜控油夏日防水防汗不脱妆抗皱遮瑕自然不假白 || [拍1发2]重磅升级崔奕推荐朱莉欧美白素颜霜控油防水防汗不脱妆抗皱遮瑕
朱莉欧,3,孙耀威推荐朱莉欧美肤素颜霜自然不假白防水防汗不脱妆,629.96,1,[买一送一]孙耀威推荐朱莉欧美肤素颜霜自然不假白防水防汗不脱妆
朱莉欧,4,朱莉欧美白素颜霜保湿抗皱面部提亮自然不假白夏季舒缓水润服帖,543.6,1,朱莉欧美白素颜霜保湿抗皱面部提亮自然不假白夏季舒缓水润服帖
朱莉欧,5,孙耀威崔奕同款朱莉欧美白素颜霜保湿抗皱面部提亮,447.88,1,[ 快速上妆 自然不假白]孙耀威崔奕同款朱莉欧美白素颜霜保湿抗皱面部提亮
姿庭,1,骆驼美白防晒霜乳新升级2.0清爽户外通勤不假白透气保湿控油,675.35,1,【王一博同款】骆驼美白防晒霜乳新升级2.0清爽户外通勤不假白透气保湿控油Z
自然堂,1,自然堂-水润焕亮洗颜霜超值双支装-洗卸合一保湿不紧绷-官方正品 夏日清凉活动,31269.14,4,【买一送一】自然堂-水润焕亮洗颜霜超值双支装-洗卸合一保湿不紧绷-官方正品 夏日清凉活动 || 【618专享价】自然堂-水润焕亮洗颜霜超值双支装-洗卸合一保湿不紧绷 b || 【买一送一】自然堂-水润焕亮洗颜霜超值双支装-洗卸合一保湿不紧绷-官方正品 || 【买一送一】自然堂-水润焕亮洗颜霜超值双支装-洗卸合一保湿不紧绷-官方正品HX
自然堂,2,自然堂粉琉璃娇颜亮润嫩白保湿水乳精3件套护肤礼盒 美白淡斑 祛黄提亮-,23019.1,3,【旗舰店专享】自然堂粉琉璃娇颜亮润嫩白保湿水乳精3件套护肤礼盒 美白淡斑 祛黄提亮-官方正品 || 【旗舰店专享】自然堂粉琉璃娇颜亮润嫩白保湿水乳精3件套护肤七夕礼盒 美白淡斑 祛黄提亮-官方正品 || 【旗舰店专享】自然堂粉琉璃娇颜亮润嫩白保湿水乳精3件套护肤 美白淡斑 祛黄提亮-官方正品
自然堂,3,自然堂金琉璃紧致抗皱焕活护肤礼盒-水/乳液/精华套组,6252.31,4,【旗舰店专享】自然堂金琉璃紧致抗皱焕活护肤礼盒-水/乳液/精华套组送妈妈 || 【旗舰店专享】自然堂金琉璃紧致抗皱焕活护肤礼盒-水/乳液/精华套组送妈妈B || [旗舰店专享]自然堂金琉璃紧致抗皱焕活护肤礼盒-送礼必备-水乳精华面霜眼霜超值组合 || 【旗舰店专享】自然堂金琉璃紧致抗皱焕活护肤礼盒-水/乳液/精华套组 紧致抗皱 抚平细纹 送妈妈
自然堂,4,自然堂美白淡斑柔肤水补水保湿舒缓娇颜爽肤水嫩白水,5943.85,4,[买一送一]自然堂美白淡斑柔肤水补水保湿舒缓娇颜爽肤水嫩白水 官方正品 || [美白祛斑]自然堂美白淡斑柔肤水补水保湿舒缓娇颜爽肤水嫩白水 官方正品 || 【买一送一】自然堂粉琉璃美白淡斑柔肤水补水保湿舒缓娇颜爽肤水嫩白水 官方正品-ZG || 【买一送一】自然堂粉琉璃美白淡斑柔肤水补水保湿舒缓娇颜爽肤水嫩白水 官方正品
自然堂,5,自然堂绿茶卸妆油全脸眼唇卸不糊眼温和不刺激不闷痘正品敏肌可用,4508.64,1,自然堂绿茶卸妆油全脸眼唇卸不糊眼温和不刺激不闷痘正品敏肌可用
自然堂,6,自然堂凝时冰肌水/乳液/面霜/精华紧致4件套礼盒,3749.79,1,【抗时光首选】自然堂凝时冰肌水/乳液/面霜/精华紧致4件套礼盒
自然堂,7,自然堂金琉璃紧致抗皱柔肤水115ml 紧致抗皱舒缓保湿-官方自营,2291.75,2,【买一送一】自然堂金琉璃紧致抗皱柔肤水115ml 紧致抗皱舒缓保湿-官方自营 || 【旗舰店专享】自然堂金琉璃紧致抗皱焕活乳115mL保湿抗皱舒缓乳液-官方自营
自然堂,8,自然堂金琉璃紧致抗皱柔肤水乳精华护肤礼盒-买礼盒送礼盒再送胶原次抛 紧致抗皱淡化细纹 送人送礼官方直营,2256.75,1,【旗舰店专享】自然堂金琉璃紧致抗皱柔肤水乳精华护肤礼盒-买礼盒送礼盒再送胶原次抛 紧致抗皱淡化细纹 送人送礼官方直营
自然堂,9,自然堂亲肤防晒乳40ml到手两支正装 防紫外线防晒黑防晒老 敏肌适用舒缓-,2153.35,3,【买一送一】自然堂亲肤防晒乳40ml到手两支正装 防紫外线防晒黑防晒老 敏肌适用舒缓-官方正品 || 【买一送一】自然堂亲肤防晒乳40ml到手两支正装 开学季军训防紫外线防晒黑防晒老 敏肌适用舒缓-官方正品 || 【旗舰店专享】自然堂亲肤防晒乳40ml两支装防紫外线敏肌适用舒缓b
自然堂,10,自然堂娇颜亮润嫩白霜 持证美白祛斑霜 淡化色斑提亮肤色改善暗沉黄气保湿面霜,1707.27,1,[买1送1]自然堂娇颜亮润嫩白霜 持证美白祛斑霜 淡化色斑提亮肤色改善暗沉黄气保湿面霜 官方正品
左颜右色,1,左颜右色美白洗面奶控油持证淡斑亮肤黄黑皮肤洁面,994.02,1,左颜右色美白洗面奶控油持证淡斑亮肤黄黑皮肤洁面R3
左颜右色,2,左颜右色自然若真素颜霜修颜霜防水防汗遮瑕膏痘印BB霜粉底液男女可用化妆品,0.0,1,【明星同款】左颜右色自然若真素颜霜修颜霜防水防汗遮瑕膏痘印BB霜粉底液男女可用化妆品
左颜右色,3,左颜右色微酸祛痘洗面奶 男士专研清肌控油洁面乳,0.0,1,【郑恺同款】 左颜右色微酸祛痘洗面奶 男士专研清肌控油洁面乳
左颜右色,4,男士美白洁面乳烟酰胺控油洗面奶提亮肤色暗黄肌肤清洁,0.0,1,【左颜右色】男士美白洁面乳烟酰胺控油洗面奶提亮肤色暗黄肌肤清洁
BABI,1,BABI防晒喷雾水感美白防紫外线防水防汗,8861.07,2,【3.0防晒喷雾】BABI防晒喷雾水感美白防紫外线防水防汗ZB-2 || 【美白防晒喷雾】BABI防晒喷雾美白持妆高倍舒缓防紫外线防水防汗ZB2
BABI,2,BABI维C定妆喷雾3.0清透锁色持久控油持妆防水防汗正品旗舰店,3854.09,4,BABI维C定妆喷雾3.0清透锁色持久控油持妆防水防汗正品旗舰店ZB || 【100ml两瓶】BABI维C定妆喷雾3.0清透锁色持久控油持妆防水ZB1 || 【100ml两瓶】BABI维C定妆喷雾清透锁色持久控油持妆防水防汗ZB-2 || 【75ml两瓶】BABI维C定妆喷雾清透锁色持久控油持妆防水防汗ZB
BABI,3,BABI防晒喷雾美白持妆高倍舒缓防水防汗,1955.52,4,【3.0防晒喷雾】BABI防晒喷雾美白持妆高倍舒缓防水防汗ZB || BABI防晒喷雾美白持妆高倍舒缓防水防汗DB || BABI防晒喷雾美白持妆高倍舒缓防水防汗yzzs || BABI防晒喷雾骄阳水感美白持妆舒缓高倍防水防汗防紫外线
BABI,4,BABI防晒水2.0全新升级小冰喷淡斑防晒喷雾凉感舒缓防水防汗,1423.69,1,BABI防晒水2.0全新升级小冰喷淡斑防晒喷雾凉感舒缓防水防汗ZB
BABI,5,BABI持妆气垫PRO粉底液柔雾持久控油不脱妆轻薄高遮瑕,632.22,2,【全肤质通用】BABI持妆气垫PRO粉底液柔雾持久控油不脱妆轻薄高遮瑕ZB || BABI持妆气垫PRO粉底液柔雾持久控油不脱妆轻薄高遮瑕ZB
BABI,6,BABI定型喷雾轻松蓬松自然高颅顶蓬松发胶女,441.39,2,【卡皮巴拉联名款】BABI定型喷雾轻松蓬松自然高颅顶蓬松发胶女ZB || 【超值囤货】BABI定型喷雾持久轻松蓬松自然高颅顶蓬松卷发发胶女ZB
BABI,7,BABI柔焦定妆喷雾维c24小时持久不脱妆维c防水防汗控油保湿推荐,0.0,1,【到手2瓶】BABI柔焦定妆喷雾维c24小时持久不脱妆维c防水防汗控油保湿推荐ZB1
BABI,8,BABI维C定妆喷雾持久控油防水防汗定妆,0.0,6,【定妆+保湿】BABI维C定妆喷雾持久控油防水防汗定妆ZB || 【买一送一】BABI定妆喷雾持久控油防水vc定妆ZB1 || BABI定妆喷雾持久定妆控油防水防汗快速定妆DD || BABI定妆喷雾持久定妆控油防水防汗快速定妆HEER || BABI定妆喷雾持久定妆控油防水快速定妆HXWH || BABI定妆喷雾持久定妆控油防水快速定妆sk
BABI,9,BABI秀场定妆喷雾持久控油不脱妆成膜快防汗油皮,0.0,1,【定妆喷雾】BABI秀场定妆喷雾持久控油不脱妆成膜快防汗油皮
BABI,10,BABI美白防晒防紫外线全身通用女防晒喷雾,0.0,2,【全身防晒】BABI美白防晒防紫外线全身通用女防晒喷雾ZB1 || BABI美白防晒防水防汗防紫外线舒缓全身通用女防晒喷雾ZB2
BUV,1,BUV陈妍希代言复活草面膜抗氧抗糖去黄提亮熬夜暗沉敏感肌,43346.48,3,【陈妍希推荐】BUV陈妍希代言复活草面膜抗氧抗糖去黄提亮熬夜暗沉敏感肌 || [陈妍希代言]BUV复活草面膜抗氧抗糖去黄提亮熬夜暗沉保湿敏感肌D || 【陈妍希代言】BUV复活草面膜抗氧抗糖去黄提亮熬夜暗沉保湿敏感肌
BUV,2,BUV绿泥洗面奶控油细腻毛孔清洁黑头闭口男女通用,17677.91,16,【蔡徐坤代言】BUV绿泥洗面奶控油细腻毛孔清洁黑头闭口男女通用 || 【蔡徐坤推荐】BUV绿泥洗面奶控油细腻毛孔清洁黑头闭口男女通用DZ || 【吴艳妮代言】BUV绿泥洗面奶控油细腻毛孔清洁黑头闭口男女通用 || 【四十出头专属】BUV绿泥洗面奶控油深层清洁去黑头细毛孔男女通用db || BUV绿泥洗面奶控油深层清洁去黑头细毛孔男女通用D || [蔡徐坤代言]BUV绿泥洗面奶叶绿素控油细腻毛孔去黑头男女通用 || [冠军代言]BUV绿泥洗面奶叶绿素控油细腻毛孔去黑头男女通用D || 【蔡徐坤代言】BUV绿泥洗面奶叶绿素控油细腻毛孔去黑头男女通用 || 【蔡徐坤代言】BUV绿泥洗面奶叶绿素控油细腻毛孔去黑头男女通用DB || 【四十出头专属】BUV绿泥洗面奶叶绿素控油细腻毛孔去黑头男女通用db || 【吴艳妮 同款】BUV绿泥洗面奶叶绿素控油细腻毛孔去黑头男女通用DB || 【蔡徐坤代言】BUV绿泥洗面奶控油细腻毛孔清洁黑头闭口ZY || 【锦绣商汇专属】BUV绿泥洗面奶控油细腻毛孔清洁黑头闭口T || 【冠军代言】BUV绿泥洗面奶控油细腻毛孔清洁黑头闭口男女可用YS || 【冠军力荐】BUV 叶绿素绿泥洗面奶 长效控油细毛孔深度清洁男女通用tzz || 【吴艳妮代言】BUV绿泥洗面奶控油细腻毛孔清洁油垢闭口男女通用DB
BUV,3,BUV黑磁锁妆喷雾清爽持久防水防汗不黏不卡粉,0.0,1,[12h焊妆喷雾]BUV黑磁锁妆喷雾清爽持久防水防汗不黏不卡粉
BUV,4,BUV柑橘果调皮细嫩平滑收缩毛孔温和控油精华露,0.0,1,[7天焕嫩油糙黄]BUV柑橘果调皮细嫩平滑收缩毛孔温和控油精华露
BUV,5,BUV粉泥清洁泥膜焕亮细嫩毛孔水润肌肤提亮保湿,0.0,1,[7天去黄细毛孔]BUV粉泥清洁泥膜焕亮细嫩毛孔水润肌肤提亮保湿
BUV,6,BUV黄泥清洁泥膜祛痘淡化痘印控油去黑头闭口粉刺,0.0,1,[7天褪红清痘痘]BUV黄泥清洁泥膜祛痘淡化痘印控油去黑头闭口粉刺
BUV,7,洗面奶体验装1片 | 补邮/差价专拍 | 下单前必问客服,0.0,1,[补邮专用] 洗面奶体验装1片 | 补邮/差价专拍 | 下单前必问客服
BUV,8,BUV绿泥洗面奶水润版控油祛黑头净孔保湿,0.0,2,[蔡徐坤代言|干敏肌推荐]BUV绿泥洗面奶水润版控油祛黑头净孔保湿 || [干皮敏感肌推荐]BUV绿泥洗面奶水润版祛痘收毛孔清黑头保湿养肤
BUV,9,BUV紫苏牛油果清肌水乳套装油皮控油细腻毛孔舒缓,0.0,3,[超值套装]BUV紫苏牛油果清肌水乳套装油皮控油细腻毛孔舒缓 || [徐艺洋推荐]BUV紫苏牛油果清肌水乳套装油皮控油细腻毛孔舒缓 || [徐艺洋推荐]BUV紫苏牛油果清肌水乳套装油皮控油细腻毛孔舒缓D
BUV,10,BUV玫瑰套装去黄提亮补水温和保湿暗沉嫩滑,0.0,1,[敏感肌维稳水乳]BUV玫瑰套装去黄提亮补水温和保湿暗沉嫩滑
C咖,1,C咖酸酶水控油提亮抛光护肤去闭口湿敷补水爽肤水精华水,14182.74,5,【爆款酸酶水 焕亮水光肌】C咖酸酶水控油提亮抛光护肤去闭口湿敷补水爽肤水精华水 || 【七夕特批 限时加赠】C咖酸酶水控油提亮抛光护肤去闭口湿敷补水爽肤水精华水 || 【酸酶焕亮水光肌】C咖酸酶水控油提亮抛光护肤去闭口湿敷补水爽肤水精华水 || [细毛孔去闭口]C咖酸酶水控油提亮去闭口补水爽肤水精华水 || 【限时加赠】C咖酸酶水控油提亮去闭口补水爽肤水精华水
C咖,2,C咖洗面奶氨基酸白泥双管洁面乳清洁毛孔黑头第六代上新,2460.98,2,【革新升级6.0】C咖洗面奶氨基酸白泥双管洁面乳清洁毛孔黑头第六代上新 || 【镇店爆款】C咖洗面奶氨基酸白泥双管洁面乳清洁毛孔黑头
C咖,3,C咖蓝宝石喷雾 紧致淡斑美白抗皱精华舒缓抗糖抗氧化提亮补水控油喷雾套组,1746.24,4,【七夕礼遇 到手3瓶】C咖蓝宝石喷雾 紧致淡斑美白抗皱精华舒缓抗糖抗氧化提亮补水控油喷雾套组 || 【七夕限定 新品礼遇】C咖蓝宝石喷雾 紧致淡斑美白抗皱精华舒缓抗糖抗氧化提亮补水控油喷雾套组 || 【重磅新品 紧致冰喷】C咖蓝宝石喷雾 紧致淡斑美白抗皱精华舒缓抗糖抗氧化提亮补水控油喷雾套组 || 【祛斑紧致冰喷】C咖蓝宝石喷雾 淡斑美白抗皱紧致精华舒缓抗糖抗氧化提亮补水控油喷雾套组
C咖,4,C咖美白精华水淡斑淡痘印补水紧致湿敷爽肤水新品,1360.16,1,【减黄美白】C咖美白精华水淡斑淡痘印补水紧致湿敷爽肤水新品
C咖,5,C咖美白面膜淡斑淡印 祛黄提亮肤色补水保湿修护精华熬夜护肤,671.32,2,[七夕限时福利]C咖美白面膜淡斑淡印 祛黄提亮肤色补水保湿修护精华熬夜护肤 || [限时福利 | 美白淡斑]C咖美白面膜淡斑淡印 祛黄提亮肤色补水保湿修护精华熬夜护肤
C咖,6,C咖双管洗面奶 氨基酸白泥洁面乳黑头控油角质毛孔闭口,366.0,1,【洁面革新升级】C咖双管洗面奶 氨基酸白泥洁面乳黑头控油角质毛孔闭口
C咖,7,C咖紧致淡纹眼霜胶原精华眼膜贴淡纹弹润紧保湿胶原眼霜,0.0,3,[淡眼纹 亮眼周]C咖紧致淡纹眼霜胶原精华眼膜贴淡纹弹润紧保湿胶原眼霜 || 【淡眼纹 亮眼周】C咖紧致淡纹眼霜胶原精华眼膜贴淡纹弹润紧保湿胶原眼霜 || 【七夕特批 拍3单超划算】C咖紧致淡纹眼霜胶原精华眼膜贴淡纹弹润紧保湿胶原眼霜
C咖,8,C咖美白面膜淡斑抗皱祛黄提亮保湿面霜淡斑紧致美白护肤涂抹面膜,0.0,1,【618钜惠加赠】C咖美白面膜淡斑抗皱祛黄提亮保湿面霜淡斑紧致美白护肤涂抹面膜
C咖,9,C咖小罐膜熬夜祛黄提亮面霜补水紧致涂抹面膜美白淡斑抗老护肤,0.0,1,【618限时加赠】C咖小罐膜熬夜祛黄提亮面霜补水紧致涂抹面膜美白淡斑抗老护肤
C咖,10,C咖双管洗面奶去黑头闭口控油泥膜氨基酸深层清洁清爽卸防晒淡妆温和不伤肤,0.0,1,【店长限时加赠】C咖双管洗面奶去黑头闭口控油泥膜氨基酸深层清洁清爽卸防晒淡妆温和不伤肤
DRDM,1,DRDM祛痘印烟酰胺精华修复淡化红黑痘印舒缓痘印去黑色素沉淀,2346.23,1,DRDM祛痘印烟酰胺精华修复淡化红黑痘印舒缓痘印去黑色素沉淀
Fanbeauty,1,FAN BEAUTY DIARY范冰冰同款银耳秋葵糯叽叽鲜肌润养面膜补水保湿,2425.28,1,FAN BEAUTY DIARY范冰冰同款银耳秋葵糯叽叽鲜肌润养面膜补水保湿
Fanbeauty,2,FAN BEAUTY DIARY范冰冰同款海葡萄银耳龙血清洁面膜泥膜,458.27,1,FAN BEAUTY DIARY范冰冰同款海葡萄银耳龙血清洁面膜泥膜体验装
foreverkey,1,UNNY双眼皮贴正品贴蕾丝防水肿眼泡专用防水防汗彩妆好物官方旗舰店男女学生推荐,1743.35,2,[官方正品]UNNY双眼皮贴正品贴蕾丝防水肿眼泡专用防水防汗彩妆好物官方旗舰店男女学生推荐 || [官方正品]UNNY双眼皮贴正品贴蕾丝防水肿眼泡专用防水防汗彩妆好物
foreverkey,2,foreverkey腮红膏多用膏水光高光提亮修容双色新款爆款提气色氛围感双色盘,1620.39,4,[全新升级]foreverkey腮红膏多用膏水光高光提亮修容双色新款爆款提气色氛围感双色盘 || [直播专属]foreverkey腮红膏多用膏水光高光修容2025新款爆款提亮提气色 || [升级版]foreverkey腮红膏多用膏水光高光提亮修容2026新款爆款双色盘提气色 || [直播专享]foreverkey腮红膏多用膏水光高光修容2026新款爆款提气色
foreverkey,3,Foreverkey遮瑕膏遮黑眼圈暇强力遮瑕液斑点不脱妆法令纹干油皮,1230.1,1,[减龄秘诀]Foreverkey遮瑕膏遮黑眼圈暇强力遮瑕液斑点不脱妆法令纹干油皮1
foreverkey,4,UNNY双眼皮贴官方旗舰店正品无痕隐形蕾丝自然肿眼泡专用彩妆好物,360.74,1,UNNY双眼皮贴官方旗舰店正品无痕隐形蕾丝自然肿眼泡专用彩妆好物
foreverkey,5,foreverkey修容液体修容棒鼻影阴影高光提亮,314.82,1,【小鱼海棠推荐】foreverkey修容液体修容棒鼻影阴影高光提亮
FV,1,第四代FV蚕丝蜜粉细闪定妆粉散粉控油不脱妆,972.73,2,【小鱼海棠黄奕推荐】第四代FV蚕丝蜜粉细闪定妆粉散粉控油不脱妆D || 【黄奕推荐】第四代FV蚕丝蜜粉 细闪定妆粉散粉控油不脱妆国货美妆
HFP,1,hfp果酸毛孔净透精华水 控油嫩肤平闭口,10521.34,3,【磨皮嫩肤】hfp果酸毛孔净透精华水 控油嫩肤平闭口 || 【七夕福利价】hfp果酸毛孔净透精华水 控油嫩肤平闭口 || 【磨皮嫩肤】HomeFacialPro果酸毛孔净透精华水 控油嫩肤平闭口
HFP,2,hfp™ PDRN水光棒次抛精华液 紧致抗皱提亮,6075.5,3,【七夕福利价】hfp™ PDRN水光棒次抛精华液 紧致抗皱提亮 || 【重磅新品】hfp™ PDRN水光棒次抛精华液 紧致抗皱提亮 || 【重磅新品】HomeFacialPro PDRN水光棒次抛精华液 紧致抗皱提亮
HFP,3,HomeFacialPro毛孔精华油 深层清洁保湿 去粉刺角质 紧毛孔,2063.84,1,【溶黑头净毛孔】HomeFacialPro毛孔精华油 深层清洁保湿 去粉刺角质 紧毛孔
HFP,4,hfp紧致焕采眼部精华油 抗皱紧致淡眼纹 实用礼物 送男女生送长辈 生日纪念日情侣 送礼甄选,1665.78,1,【眼部淡纹+紧致】hfp紧致焕采眼部精华油 抗皱紧致淡眼纹   实用礼物 送男女生送长辈 生日纪念日情侣 送礼甄选
HFP,5,hfp毛孔精华油 送礼甄选送妈妈送长辈送朋友微信蓝包,1490.98,1,【重磅新品】hfp毛孔精华油 送礼甄选送妈妈送长辈送朋友微信蓝包
HFP,6,hfp果酸毛孔净澈清洁面膜 控油舒缓 洗净毛孔 无惧贴贴甜蜜赴约 实用礼物送男女生生日纪念日情侣送礼甄选,643.2,1,【果酸清洁泥膜】hfp果酸毛孔净澈清洁面膜 控油舒缓 洗净毛孔 无惧贴贴甜蜜赴约 实用礼物送男女生生日纪念日情侣送礼甄选
HFP,7,hfp泡泡洗面奶 实用礼物 送男女生送长辈 生日纪念日情侣 送礼甄选,557.18,1,【敏肌洁面】hfp泡泡洗面奶 实用礼物 送男女生送长辈 生日纪念日情侣 送礼甄选
HFP,8,HomeFacialPro果酸毛孔净澈清洁面膜 控油舒缓 洗净毛孔 无惧贴贴,496.82,1,【果酸清洁泥膜】HomeFacialPro果酸毛孔净澈清洁面膜 控油舒缓 洗净毛孔 无惧贴贴
HFP,9,HomeFacialPro紧致焕采眼部精华油 抗皱紧致淡眼纹,478.42,1,【眼部淡纹+紧致】HomeFacialPro紧致焕采眼部精华油 抗皱紧致淡眼纹
HFP,10,hfp反孔清洁油黑头油 深层清洁溶黑头净毛孔,462.59,1,hfp反孔清洁油黑头油 深层清洁溶黑头净毛孔
JIASEE,1,JIASEE绝色酵母水光闪充熬夜面膜舒缓补水保湿修护面膜+绝色大咖精华露50ml二裂酵母补水保湿抗皱精华液,345.95,1,JIASEE绝色酵母水光闪充熬夜面膜舒缓补水保湿修护面膜+绝色大咖精华露50ml二裂酵母补水保湿抗皱精华液
kazoo颈膜,1,KAZOO可逐银绷带颈膜抗皱紧致提亮淡化颈纹美颈,5510.65,1,【迪丽热巴专属】KAZOO可逐银绷带颈膜抗皱紧致提亮淡化颈纹美颈
kazoo颈膜,2,KAZOO黑灵芝多肽紧致淡纹安瓶颈膜淡化颈纹美颈提亮,3155.6,1,【迪丽热巴同款】KAZOO黑灵芝多肽紧致淡纹安瓶颈膜淡化颈纹美颈提亮
kazoo颈膜,3,KAZOO凝时抗皱沁润冻干眼膜淡化黑眼圈细纹眼袋紧致套盒,1609.87,1,【官方正品】KAZOO凝时抗皱沁润冻干眼膜淡化黑眼圈细纹眼袋紧致套盒
kazoo颈膜,4,KAZOO多肽颈霜抗皱提拉紧致提亮颈部淡化颈纹霜,276.33,2,【官方正品】KAZOO多肽颈霜抗皱提拉紧致提亮颈部淡化颈纹霜 || 【迪丽热巴专属旅行装】KAZOO多肽淡纹颈膜紧致抗皱提亮淡化颈纹霜
kazoo颈膜,5,可逐KAZOO冻干眼膜贴紧致改善细纹眼霜,0.0,1,【明星同款体验装】可逐KAZOO冻干眼膜贴紧致改善细纹眼霜
LuonaNoess,1,罗娜女神仿生膜升级黑魔法秘境口红淡化唇纹护唇,306.56,1,【全新二代升级】罗娜女神仿生膜升级黑魔法秘境口红淡化唇纹护唇
M3,1,抗皱精华口红玫瑰豆沙保湿滋润淡化唇纹日常妆容百搭,15414.26,2,【曹颖同款】抗皱精华口红玫瑰豆沙保湿滋润淡化唇纹日常妆容百搭 || 【达人专属】M3抗皱精华口红玫瑰豆沙保湿滋润淡化唇纹日常妆容百搭
M3,2,女性必备口红玫瑰豆沙唇部滋润丰盈淡唇纹素颜百搭化妆品,8046.33,1,女性必备口红玫瑰豆沙唇部滋润丰盈淡唇纹素颜百搭化妆品
M3,3,M3 抗皱精华口红保湿淡化唇纹滋润日常素颜百搭化妆必备,7571.34,1,M3【曹颖同款玫瑰豆沙】抗皱精华口红保湿淡化唇纹滋润日常素颜百搭化妆必备
M3,4,M3玫瑰豆沙口红保湿抗皱淡化唇纹妆养一体百搭妆容,7004.67,1,【曹颖同款】M3玫瑰豆沙口红保湿抗皱淡化唇纹妆养一体百搭妆容
M3,5,M3 遮瑕粉底膏高遮瑕粉膏粉底液抗皱保湿持妆防汗修饰肌肤三色可选,4862.98,1,M3【曹颖同款】遮瑕粉底膏高遮瑕粉膏粉底液抗皱保湿持妆防汗修饰肌肤三色可选
M3,6,M3无暇柔雾持妆气垫保湿遮瑕持久爆款明星同款化妆品送替换芯,4195.56,1,M3无暇柔雾持妆气垫保湿遮瑕持久爆款明星同款化妆品送替换芯
M3,7,M3 倾颜防晒妆前乳 SPF50+清爽防水抗汗提亮高倍持久防紫外线,2336.16,2,【达人专属】M3倾颜防晒妆前乳 SPF50+清爽防水抗汗提亮高倍持久防紫外线 || M3 【曹颖同款】倾颜防晒妆前乳 SPF50+清爽防水抗汗提亮高倍持久防紫外线
M3,8,M3粉底膏抗皱保湿遮瑕粉底液粉膏修饰肌肤不脱妆三色可选,2245.49,1,【曹颖同款】M3粉底膏抗皱保湿遮瑕粉底液粉膏修饰肌肤不脱妆三色可选
M3,9,M3 焕活充能精粹水保湿锁水润泽肌肤植萃补水精华水,1717.29,1,M3【重磅上新】焕活充能精粹水保湿锁水润泽肌肤植萃补水精华水
M3,10,素颜霜面部修颜抗皱隔离霜提亮养肤妆前乳两支装曹颖同款,1335.6,1,素颜霜面部修颜抗皱隔离霜提亮养肤妆前乳两支装曹颖同款
pinkbear,1,pinkbear皮可熊水绒多用霜高光遮凹陷泪沟黑眼圈女生情人节礼物,294.05,1,【买一送一】pinkbear皮可熊水绒多用霜高光遮凹陷泪沟黑眼圈女生情人节礼物0812
pinkbear,2,Y一支画全脸皮可熊唇泥腮红多用霜 唇颊两用提亮 情人节女生礼物,251.98,1,【买一送一】Y一支画全脸皮可熊唇泥腮红多用霜 唇颊两用提亮 情人节女生礼物0707
puco,1,PUCO双头唇线笔刷勾勒唇形持久显色妆容新手哑光唇线笔推荐,1245.59,1,PUCO双头唇线笔刷勾勒唇形持久显色妆容新手哑光唇线笔推荐
puco,2,PUCO大大怪粉饼控油持妆定妆,1094.65,1,【买大送大 到手36g】PUCO大大怪粉饼控油持妆定妆
puco,3,PUCO慕斯唇泥哑光雾面丝绒显白唇釉唇泥国货口红妆容,842.58,1,PUCO慕斯唇泥哑光雾面丝绒显白唇釉唇泥国货口红妆容
puco,4,PUCO哑光口红雾面丝绒显白隐匿淡化唇纹口红,734.76,1,PUCO哑光口红雾面丝绒显白隐匿淡化唇纹口红
RC,1,RC水晶眼影多用粉珠光提亮高光一颗多用-,1566.81,1,【于适同款 限时拍1送1】RC水晶眼影多用粉珠光提亮高光一颗多用-[店播]
RC,2,RC朱栈水晶眼影 精华入妆丝滑持妆 轻松消肿放大双目,1405.57,2,【一抹成妆 拍1送1】RC朱栈水晶眼影  精华入妆丝滑持妆 轻松消肿放大双目 || 【一抹成妆 拍1送1】RC朱栈水晶眼影  精华入妆丝滑持妆 轻松消肿放大双目 店播
RNW,1,RNW抛光洗面奶洁面卸妆二合一抗氧提亮深层清洁温和保湿控油,2358.24,2,[明星推荐]RNW抛光洗面奶洁面卸妆二合一抗氧提亮深层清洁温和保湿控油 || RNW【徐璐推荐】抛光洁面卸妆抗氧提亮深层清洁温和保湿控油
RNW,2,RNW抛光洗面奶 抛光提亮 卸妆去黑头控油温和不刺激,747.37,1,【孙怡同款】RNW抛光洗面奶 抛光提亮 卸妆去黑头控油温和不刺激
SAZA,1,SAZA魅蓝男士香水男香推荐持久留香蔚蓝古龙高级淡香男生专用,959.31,2,【直播专享】SAZA魅蓝男士香水男香推荐持久留香蔚蓝古龙高级淡香男生专用正品 || SAZA魅蓝男士香水男香推荐持久留香蔚蓝古龙高级淡香男生专用正品
SAZA,2,SAZA魅蓝男士系列 香氛洗护套装 持久留香,358.49,1,SAZA魅蓝男士系列【香水+洗面奶+沐浴露+洗发水】 香氛洗护套装 持久留香
SAZA,3,saza魅蓝男士香水男香男生专用淡香推荐持久留香高级感蔚蓝大地,279.9,1,saza魅蓝男士香水男香男生专用淡香推荐持久留香高级感蔚蓝大地
SAZA,4,SAZA魅蓝男士香氛洗发水沐浴露深层清洁去屑控油持久留香大容量,257.62,1,【沐浴露+洗发水】SAZA魅蓝男士香氛洗发水沐浴露深层清洁去屑控油持久留香大容量
Soully,1,Soully晚风茉莉香水50ml高还原茉莉花香水持久留香淡香花香清新,14118.63,1,Soully晚风茉莉香水50ml高还原茉莉花香水持久留香淡香花香清新
TFIT,1,unny眼线胶笔防水防汗不晕染推荐眼线笔卧蚕笔,2215.46,2,unny眼线胶笔防水防汗不晕染推荐眼线笔卧蚕笔 || unny眼线胶笔眼线笔防水防汗不晕染眼线笔推荐卧蚕笔
tondi,1,Tondi茶肽焕亮抗皱紧致面膜抗氧匀亮紧致抗皱舒缓保湿柔滑嫩肤,385.91,2,Tondi茶肽焕亮抗皱紧致面膜抗氧匀亮紧致抗皱舒缓保湿柔滑嫩肤 || Tondi面膜 茶肽精华焕亮抗皱紧致匀亮紧致抗皱红茶植萃舒缓保湿柔滑嫩肤 s9
tondi,2,韩国tondi睡眠面膜补水保湿涂抹冻膜亮白修复提亮夜间熬夜免水洗,0.0,1,韩国tondi睡眠面膜补水保湿涂抹冻膜亮白修复提亮夜间熬夜免水洗
tondi,3,Tondi茶萃蓬松洗发乳沐浴乳护发素套装香氛持久留香,0.0,1,Tondi茶萃蓬松洗发乳沐浴乳护发素套装香氛持久留香
tondi,4,Tondi多肽面膜 包裹虾青素茶肽抗氧紧致抵抗熬夜,0.0,1,Tondi多肽面膜 包裹虾青素茶肽抗氧紧致抵抗熬夜220g s7
tondi,5,Tondi多肽系列美颈霜 植物精油护养舒护5D玻尿酸淡纹抗皱养肤滋润水嫩,0.0,1,Tondi多肽系列美颈霜 植物精油护养舒护5D玻尿酸淡纹抗皱养肤滋润水嫩 s3
tondi,6,Tondi果冻质地茶肽面膜 红茶精华焕亮抗皱紧致匀亮紧致抗皱韩国进口积雪草舒缓褪红,0.0,1,Tondi果冻质地茶肽面膜 红茶精华焕亮抗皱紧致匀亮紧致抗皱韩国进口积雪草舒缓褪红 s13
tondi,7,Tondi韩国免洗睡眠面膜补水夜间保湿熬夜涂抹冻膜,0.0,1,Tondi韩国免洗睡眠面膜补水夜间保湿熬夜涂抹冻膜
tondi,8,Tondi积雪草精粹面膜 精研复合多肽多维淡褪细纹红茶植萃舒缓保湿柔滑嫩肤,0.0,1,Tondi积雪草精粹面膜 精研复合多肽多维淡褪细纹红茶植萃舒缓保湿柔滑嫩肤 s12
tondi,9,TondI精华喷雾 舒润温和韧肌底改善干燥舒润毛孔1瓶多用缓解肌肤小情绪,0.0,1,TondI精华喷雾 舒润温和韧肌底改善干燥舒润毛孔1瓶多用缓解肌肤小情绪 s5
tondi,10,Tondi植萃发膜 专利保湿精华柔润不干涩柔顺丝滑抚平毛躁修护受损强韧发质,0.0,1,Tondi植萃发膜 专利保湿精华柔润不干涩柔顺丝滑抚平毛躁修护受损强韧发质 s1
UIMO,1,UIMO里斯本2.0升级方便免胶假睫毛自然,334.82,1,【Angelababy 杨颖推荐】UIMO里斯本2.0升级方便免胶假睫毛自然
VB,1,打造无暇底妆VV双头粉底棒遮瑕控油持妆防水防汗不脱妆懒人粉底,7492.51,4,[出门轻松上妆]打造无暇底妆VV双头粉底棒遮瑕控油持妆防水防汗不脱妆懒人粉底 || [五周年庆]打造无暇底妆VV双头粉底棒遮瑕控油持妆防水防汗不脱妆懒人粉底 || [五周年专属]打造无暇底妆VV双头粉底棒遮瑕控油持妆防水防汗不脱妆懒人粉底 || {无暇底妆}VV双头粉底棒遮瑕控油持妆防水防汗不脱妆懒人粉底
VB,2,VV粉底棒控油轻薄遮瑕滋润提亮持妆防水防汗,2728.65,3,【无暇底妆】VV粉底棒控油轻薄遮瑕滋润提亮持妆防水防汗 || 【VV无暇底妆】VV粉底棒控油轻薄遮瑕滋润提亮持妆防水防汗 || [五周年庆]打造无暇底妆VV粉底棒控油轻薄遮瑕滋润提亮持妆防水防汗
VB,3,VIVIEN BEAUTY 粉底棒,918.7,1,VIVIEN BEAUTY 粉底棒
WOSADO悦瞳,1,悦瞳软磁磁吸假睫毛自然通勤妆必备化妆品,9966.53,1,【明星同款推荐】悦瞳软磁磁吸假睫毛自然通勤妆必备化妆品
WOSADO悦瞳,2,悦瞳软磁磁吸假睫毛免胶自粘爆款自然仿真眼睫毛,4786.43,1,【明星同款推荐】悦瞳软磁磁吸假睫毛免胶自粘爆款自然仿真眼睫毛
WOSADO悦瞳,3,WOSADO悦瞳软磁磁吸假睫毛新品升级磁吸眼睫毛,583.3,1,【全系列】WOSADO悦瞳软磁磁吸假睫毛新品升级磁吸眼睫毛
